Entry Time,Symbols,Exit Time,Direction,Entry Price,Exit Price,Quantity,P&L,Fees,Drawdown,IsWin,Order Ids
2019-01-04T19:01:00Z,"SPXW  190114P02460000",2019-01-07T15:06:00Z,Sell,12.4,7.9,16,7200,20.8,3520,1,"	1,2" 
2019-01-08T19:01:00Z,"SPXW  190118P02505000",2019-01-09T16:56:00Z,Sell,13.1,8.6,16,7200,20.8,6880,1,"	3,4" 
2019-01-15T19:01:00Z,"SPXW  190125P02555000",2019-01-17T16:11:00Z,Sell,9.6,6.1,15,5250,19.5,5325,1,"	5,6" 
2019-01-18T19:01:00Z,"SPXW  190128P02625000",2019-01-25T14:36:00Z,Sell,8.1,2.75,15,8025,19.5,30225,1,"	7,8" 
2019-01-25T19:01:00Z,"SPXW  190204P02615000",2019-01-30T19:06:00Z,Sell,9.5,4.7,15,7200,19.5,22650,1,"	9,10" 
2019-02-01T19:01:00Z,"SPXW  190211P02665000",2019-02-04T16:06:00Z,Sell,8.6,5.2,14,4760,18.2,3430,1,"	11,12" 
2019-02-05T19:01:00Z,"SPXW  190215P02685000",2019-02-12T14:36:00Z,Sell,8.6,4.1,14,6300,18.2,25690,1,"	13,14" 
2019-02-12T19:01:00Z,"SPXW  190222P02705000",2019-02-13T20:36:00Z,Sell,9,5.9,14,4340,18.2,3360,1,"	15,16" 
2019-02-15T19:01:00Z,"SPXW  190225P02730000",2019-02-19T15:01:00Z,Sell,7.5,4.8,14,3780,18.2,1400,1,"	17,18" 
2019-02-19T19:01:00Z,"SPXW  190301P02735000",2019-02-22T14:56:00Z,Sell,8.6,5.4,14,4480,18.2,7140,1,"	19,20" 
2019-02-22T19:01:00Z,"SPXW  190304P02750000",2019-02-25T14:36:00Z,Sell,7.1,3.6,14,4900,18.2,3290,1,"	21,22" 
2019-02-26T19:01:00Z,"SPXW  190308P02750000",2019-03-01T14:36:00Z,Sell,9.1,4.5,14,6440,18.2,10430,1,"	23,24" 
2019-03-01T19:01:00Z,"SPXW  190311P02760000",2019-03-04T14:36:00Z,Sell,6.8,3.8,14,4200,18.2,770,1,"	25,26" 
2019-03-05T19:01:00Z,"SPXW  190315P02745000",2019-03-11T16:06:00Z,Sell,9.4,6.1,15,4950,19.5,43425,1,"	27,28" 
2019-03-12T18:01:00Z,"SPXW  190322P02755000",2019-03-13T14:56:00Z,Sell,8.9,5.8,14,4340,18.2,3710,1,"	29,30" 
2019-03-15T18:01:00Z,"SPXW  190325P02790000",2019-03-18T20:07:00Z,Sell,6.4,4.1,14,3220,18.2,3780,1,"	31,32" 
2019-03-19T18:01:00Z,"SPXW  190329P02795000",2019-03-21T17:31:00Z,Sell,8.4,5.5,14,4060,18.2,11760,1,"	33,34" 
2019-03-22T18:01:00Z,"SPXW  190401P02750000",2019-03-26T13:36:00Z,Sell,10.5,3.5,15,10500,19.5,11400,1,"	35,36" 
2019-03-26T18:01:00Z,"SPXW  190405P02755000",2019-03-27T13:36:00Z,Sell,10.5,6.7,15,5700,19.5,2475,1,"	37,38" 
2019-03-29T18:01:00Z,"SPXW  190408P02785000",2019-04-01T13:36:00Z,Sell,8,2.8,15,7800,19.5,1800,1,"	39,40" 
2019-04-02T18:01:00Z,"SPXW  190412P02825000",2019-04-03T15:36:00Z,Sell,7.6,4.9,15,4050,19.5,2325,1,"	41,42" 
2019-04-05T18:01:00Z,"SPXW  190415P02860000",2019-04-08T20:08:00Z,Sell,6.2,4,14,3080,18.2,3570,1,"	43,44" 
2019-04-12T18:01:00Z,"SPXW  190422P02875000",2019-04-16T13:36:00Z,Sell,5.3,2.3,14,4200,18.2,3710,1,"	45,46" 
2019-04-16T18:01:00Z,"SPXW  190426P02875000",2019-04-23T13:36:00Z,Sell,7.2,2.5,14,6580,18.2,7210,1,"	47,48" 
2019-04-26T18:01:00Z,"SPXW  190506P02890000",2019-04-29T13:46:00Z,Sell,6.8,4.4,14,3360,18.2,1260,1,"	49,50" 
2019-04-30T18:01:00Z,"SPXW  190510P02900000",2019-05-03T16:31:00Z,Sell,7.8,5.2,15,3900,19.5,26895,1,"	51,52" 
2019-05-03T18:01:00Z,"SPXW  190513P02910000",2019-05-07T13:51:00Z,Sell,7.3,32.9,14,-35840,18.2,37450,0,"	53,54" 
2019-05-07T18:01:00Z,"SPXW  190517P02790000",2019-05-08T15:01:00Z,Sell,17.3,11.3,16,9600,20.8,9120,1,"	55,56" 
2019-05-10T18:01:00Z,"SPXW  190520P02805000",2019-05-10T19:26:00Z,Sell,12.2,7.9,15,6450,19.5,4050,1,"	57,58" 
2019-05-14T18:01:00Z,"SPXW  190524P02780000",2019-05-15T18:06:00Z,Sell,13.5,8.8,16,7520,20.8,15200,1,"	59,60" 
2019-05-21T18:01:00Z,"SPXW  190531P02815000",2019-05-29T13:41:00Z,Sell,10.2,42.6,15,-48600,19.5,50625,0,"	61,62" 
2019-05-31T18:01:00Z,"SPXW  190610P02705000",2019-06-04T13:36:00Z,Sell,11,6.1,15,7350,19.5,13950,1,"	63,64" 
2019-06-04T18:01:00Z,"SPXW  190614P02735000",2019-06-05T16:01:00Z,Sell,11.1,6.9,15,6300,19.5,5850,1,"	65,66" 
2019-06-07T18:01:00Z,"SPXW  190617P02830000",2019-06-10T13:36:00Z,Sell,9.4,5.5,14,5460,18.2,3010,1,"	67,68" 
2019-06-11T18:01:00Z,"SPXW  190621P02830000",2019-06-13T17:01:00Z,Sell,10.5,6.9,15,5400,19.5,4050,1,"	69,70" 
2019-06-14T18:01:00Z,"SPXW  190624P02835000",2019-06-17T13:36:00Z,Sell,9.2,6.1,14,4340,18.2,1610,1,"	71,72" 
2019-06-18T18:01:00Z,"SPXW  190628P02865000",2019-06-19T19:26:00Z,Sell,10,6.5,15,5250,19.5,4650,1,"	73,74" 
2019-06-21T18:01:00Z,"SPXW  190701P02900000",2019-06-28T20:06:00Z,Sell,9.8,4.8,14,7000,18.2,14350,1,"	75,76" 
2019-07-02T18:01:00Z,"SPXW  190712P02925000",2019-07-03T13:36:00Z,Sell,7.7,4.7,14,4200,18.2,980,1,"	77,78" 
2019-07-05T18:01:00Z,"SPXW  190715P02955000",2019-07-10T13:36:00Z,Sell,6,3.4,14,3640,18.2,8680,1,"	79,80" 
2019-07-12T18:01:00Z,"SPXW  190722P02975000",2019-07-15T20:01:00Z,Sell,5.9,3.8,14,2940,18.2,980,1,"	81,82" 
2019-07-16T18:01:00Z,"SPXW  190726P02960000",2019-07-22T19:06:00Z,Sell,7.6,5,14,3640,18.2,12390,1,"	83,84" 
2019-07-23T18:01:00Z,"SPXW  190802P02955000",2019-07-24T19:31:00Z,Sell,8.7,5.7,14,4200,18.2,2660,1,"	85,86" 
2019-07-26T18:01:00Z,"SPXW  190805P02985000",2019-08-01T15:46:00Z,Sell,8.5,5.6,14,4060,18.2,40600,1,"	87,88" 
2019-08-02T18:01:00Z,"SPXW  190812P02845000",2019-08-02T19:41:00Z,Sell,14.2,8.8,16,8640,20.8,2720,1,"	89,90" 
2019-08-06T18:01:00Z,"SPXW  190816P02785000",2019-08-07T19:36:00Z,Sell,16.9,10.8,16,9760,20.8,33600,1,"	91,92" 
2019-08-09T18:01:00Z,"SPXW  190819P02860000",2019-08-13T14:01:00Z,Sell,12.6,7.8,15,7200,19.5,25800,1,"	93,94" 
2019-08-13T18:01:00Z,"SPXW  190823P02860000",2019-08-14T20:01:00Z,Sell,13.7,55.9,16,-67520,20.8,69760,0,"	95,96" 
2019-08-16T18:01:00Z,"SPXW  190826P02825000",2019-08-19T13:36:00Z,Sell,13,4.4,15,12900,19.5,2550,1,"	97,98" 
2019-08-20T18:01:00Z,"SPXW  190830P02850000",2019-08-21T15:36:00Z,Sell,13,8.5,15,6750,19.5,7275,1,"	99,100" 
2019-08-27T18:01:00Z,"SPXW  190906P02800000",2019-08-28T19:21:00Z,Sell,14.9,9.8,16,8160,20.8,13040,1,"	101,102" 
2019-08-30T18:01:00Z,"SPXW  190909P02860000",2019-09-04T13:36:00Z,Sell,12.1,4.6,15,11250,19.5,11400,1,"	103,104" 
2019-09-06T18:01:00Z,"SPXW  190916P02945000",2019-09-11T13:41:00Z,Sell,8.2,5,14,4480,18.2,11060,1,"	105,106" 
2019-09-13T18:01:00Z,"SPXW  190923P02965000",2019-09-18T20:06:00Z,Sell,8.5,5.2,14,4620,18.2,10500,1,"	107,108" 
2019-09-20T18:01:00Z,"SPXW  190930P02945000",2019-09-23T15:41:00Z,Sell,9.9,6.6,15,4950,19.5,5475,1,"	109,110" 
2019-09-24T18:01:00Z,"SPXW  191004P02900000",2019-09-25T18:11:00Z,Sell,12.8,8,15,7200,19.5,10500,1,"	111,112" 
2019-09-27T18:01:00Z,"SPXW  191007P02900000",2019-09-30T13:36:00Z,Sell,11.9,7,15,7350,19.5,8325,1,"	113,114" 
2019-10-01T18:01:00Z,"SPXW  191011P02865000",2019-10-04T15:36:00Z,Sell,13.8,8.8,16,8000,20.8,50320,1,"	115,116" 
2019-10-04T18:01:00Z,"SPXW  191014P02875000",2019-10-07T15:01:00Z,Sell,12.1,8,16,6560,20.8,4160,1,"	117,118" 
2019-10-08T18:01:00Z,"SPXW  191018P02840000",2019-10-09T19:41:00Z,Sell,13.6,9,16,7360,20.8,15680,1,"	119,120" 
2019-10-11T18:01:00Z,"SPXW  191021P02930000",2019-10-15T13:36:00Z,Sell,11.2,5.5,15,8550,19.5,7350,1,"	121,122" 
2019-10-15T18:01:00Z,"SPXW  191025P02955000",2019-10-17T18:56:00Z,Sell,9.1,6,15,4650,19.5,5850,1,"	123,124" 
2019-10-18T18:01:00Z,"SPXW  191028P02950000",2019-10-21T13:36:00Z,Sell,7.9,5.2,15,4050,19.5,2625,1,"	125,126" 
2019-10-21T18:01:00Z,"SPXW  191031P02955000",2019-10-22T16:31:00Z,Sell,9.3,6.2,15,4650,19.5,1350,1,"	127,128" 
2019-10-22T18:01:00Z,"SPXW  191101P02965000",2019-10-25T14:16:00Z,Sell,8.7,5.7,15,4500,19.5,9300,1,"	129,130" 
2019-10-25T18:01:00Z,"SPXW  191104P02985000",2019-10-28T13:36:00Z,Sell,7.2,3.9,15,4950,19.5,2100,1,"	131,132" 
2019-10-29T18:01:00Z,"SPXW  191108P03000000",2019-11-01T13:36:00Z,Sell,8.3,4.2,15,6150,19.5,11400,1,"	133,134" 
2019-11-01T18:01:00Z,"SPXW  191111P03030000",2019-11-04T14:36:00Z,Sell,6.8,3.6,15,4800,19.5,1200,1,"	135,136" 
2019-11-05T19:01:00Z,"SPXW  191115P03035000",2019-11-07T14:36:00Z,Sell,7.8,4.2,15,5400,19.5,4050,1,"	137,138" 
2019-11-08T19:01:00Z,"SPXW  191118P03050000",2019-11-12T14:31:00Z,Sell,6.7,3.8,15,4350,19.5,5175,1,"	139,140" 
2019-11-12T19:01:00Z,"SPXW  191122P03060000",2019-11-15T14:56:00Z,Sell,8.2,5.4,15,4200,19.5,8550,1,"	141,142" 
2019-11-15T19:01:00Z,"SPXW  191125P03075000",2019-11-18T18:24:00Z,Sell,6.8,4.4,15,3600,19.5,2100,1,"	143,144" 
2019-11-19T19:01:00Z,"SPXW  191129P03085000",2019-11-25T14:36:00Z,Sell,7.4,2.3,15,7650,19.5,17700,1,"	145,146" 
2019-11-26T19:01:00Z,"SPXW  191206P03100000",2019-11-27T16:59:00Z,Sell,7.6,5,15,3900,19.5,1200,1,"	147,148" 
2019-12-03T19:01:00Z,"SPXW  191213P03020000",2019-12-04T14:36:00Z,Sell,13.5,8.8,16,7520,20.8,3040,1,"	149,150" 
2019-12-06T19:01:00Z,"SPXW  191216P03100000",2019-12-12T14:41:00Z,Sell,9.6,4.4,15,7800,19.5,9450,1,"	151,152" 
2019-12-13T19:01:00Z,"SPXW  191223P03125000",2019-12-16T14:36:00Z,Sell,7.8,3.4,15,6600,19.5,1200,1,"	153,154" 
2019-12-17T19:01:00Z,"SPXW  191227P03160000",2019-12-19T15:31:00Z,Sell,7.3,4.8,15,3750,19.5,1725,1,"	155,156" 
2019-12-20T19:01:00Z,"SPXW  191230P03195000",2019-12-23T16:29:00Z,Sell,5.5,3.5,14,2800,18.2,1120,1,"	157,158" 
2019-12-26T18:21:00Z,"SPXW  200103P03190000",2019-12-26T18:25:00Z,Buy,4.3,4.0997375,15,-300.39,19.5,300.39,0,"	160,161" 
2019-12-27T19:01:00Z,"SPXW  200106P03205000",2020-01-02T14:36:00Z,Sell,7.1,2.95,15,6225,19.5,11775,1,"	162,163" 
2020-01-03T19:01:00Z,"SPXW  200113P03190000",2020-01-06T20:16:00Z,Sell,8.8,5.7,15,4650,19.5,11925,1,"	164,165" 
2020-01-07T19:01:00Z,"SPXW  200117P03190000",2020-01-08T16:46:00Z,Sell,9.1,5.7,15,5100,19.5,4200,1,"	166,167" 
2020-01-14T19:01:00Z,"SPXW  200124P03245000",2020-01-15T16:06:00Z,Sell,8.1,5.4,15,4050,19.5,4275,1,"	168,169" 
2020-01-17T19:01:00Z,"SPXW  200127P03290000",2020-01-22T14:36:00Z,Sell,5.8,2.95,14,3990,18.2,4830,1,"	170,171" 
2020-01-24T19:01:00Z,"SPXW  200203P03230000",2020-01-29T14:36:00Z,Sell,12.1,6.1,15,9000,19.5,35325,1,"	172,173" 
2020-01-31T19:01:00Z,"SPXW  200210P03150000",2020-02-03T14:36:00Z,Sell,15.9,9.1,16,10880,20.8,12320,1,"	174,175" 
2020-02-04T19:01:00Z,"SPXW  200214P03235000",2020-02-05T14:36:00Z,Sell,12.9,7.6,16,8480,20.8,3440,1,"	176,177" 
2020-02-11T19:01:00Z,"SPXW  200221P03310000",2020-02-12T17:31:00Z,Sell,9.9,6.6,15,4950,19.5,5175,1,"	178,179" 
2020-02-14T19:01:00Z,"SPXW  200224P03320000",2020-02-18T19:26:00Z,Sell,8.6,5.5,15,4650,19.5,6825,1,"	180,181" 
2020-02-21T19:01:00Z,"SPXW  200302P03265000",2020-02-24T15:36:00Z,Sell,12.6,52,16,-63040,20.8,78240,0,"	182,183" 
2020-02-25T19:01:00Z,"SPXW  200306P03020000",2020-02-26T15:46:00Z,Sell,24.4,16.1,18,14940,23.4,23580,1,"	184,185" 
2020-02-28T19:01:00Z,"SPXW  200309P02730000",2020-02-28T21:01:00Z,Sell,56.4,37.1,20,38600,26,35700,1,"	186,187" 
2020-03-03T19:01:00Z,"SPXW  200313P02845000",2020-03-04T14:36:00Z,Sell,41.7,18.1,20,47200,26,29200,1,"	188,189" 
2020-03-06T19:01:00Z,"SPXW  200316P02775000",2020-03-06T20:56:00Z,Sell,47.5,31,22,36300,28.6,37510,1,"	190,191" 
2020-03-10T18:01:00Z,"SPXW  200320P02555000",2020-03-10T19:16:00Z,Sell,46.2,29.7,24,39600,31.2,12960,1,"	192,193" 
2020-03-13T18:01:00Z,"SPXW  200323P02350000",2020-03-13T19:56:00Z,Sell,51.3,27.9,26,60840,33.8,45240,1,"	194,195" 
2020-03-17T18:01:00Z,"SPXW  200327P02240000",2020-03-20T14:56:00Z,Sell,58.1,37.1,27,56700,35.1,248130,1,"	196,197" 
2020-03-20T18:01:00Z,"SPXW  200330P02180000",2020-03-24T13:56:00Z,Sell,42.7,27.3,31,47740,40.3,193440,1,"	198,199" 
2020-03-24T18:01:00Z,"SPXW  200403P02175000",2020-03-25T13:41:00Z,Sell,45.8,28.9,31,52390,40.3,22165,1,"	200,201" 
2020-03-27T18:01:00Z,"SPXW  200406P02385000",2020-03-30T14:21:00Z,Sell,52.4,34.3,29,52490,37.7,59305,1,"	202,203" 
2020-03-30T18:01:00Z,"SPXW  200409P02400000",2020-03-31T14:21:00Z,Sell,43.6,27.8,31,48980,40.3,18290,1,"	204,205" 
2020-04-03T18:01:00Z,"SPXW  200413P02325000",2020-04-06T13:36:00Z,Sell,27.7,7.1,35,72100,45.5,17150,1,"	206,207" 
2020-04-07T18:01:00Z,"SPXW  200417P02555000",2020-04-08T19:56:00Z,Sell,31.8,19.7,33,39930,42.9,58905,1,"	208,209" 
2020-04-14T18:01:00Z,"SPXW  200424P02705000",2020-04-17T16:56:00Z,Sell,27,17.6,31,29140,40.3,83080,1,"	210,211" 
2020-04-17T18:01:00Z,"SPXW  200427P02720000",2020-04-20T15:41:00Z,Sell,25.1,15.7,30,28200,39,26100,1,"	212,213" 
2020-04-20T18:01:00Z,"SPXW  200430P02715000",2020-04-23T14:46:00Z,Sell,28.4,18.2,31,31620,40.3,138725,1,"	214,215" 
2020-04-24T18:01:00Z,"SPXW  200504P02710000",2020-04-27T13:36:00Z,Sell,21.3,9.7,30,34800,39,3750,1,"	216,217" 
2020-04-28T18:01:00Z,"SPXW  200508P02765000",2020-04-29T13:36:00Z,Sell,23.1,14.8,30,24900,39,21750,1,"	218,219" 
2020-05-01T18:01:00Z,"SPXW  200511P02700000",2020-05-04T18:16:00Z,Sell,24.6,15.9,32,27840,41.6,12960,1,"	220,221" 
2020-05-05T18:01:00Z,"SPXW  200515P02780000",2020-05-08T13:36:00Z,Sell,22.8,10.7,31,37510,40.3,44950,1,"	222,223" 
2020-05-08T18:01:00Z,"SPXW  200518P02825000",2020-05-11T16:21:00Z,Sell,17.9,11.6,29,18270,37.7,14645,1,"	224,225" 
2020-05-12T18:01:00Z,"SPXW  200522P02815000",2020-05-14T13:51:00Z,Sell,19.1,79.3,31,-186620,40.3,186620,0,"	226,227" 
2020-05-19T18:01:00Z,"SPXW  200529P02860000",2020-05-21T13:36:00Z,Sell,18.7,12.3,27,17280,35.1,33345,1,"	228,229" 
2020-05-22T18:01:00Z,"SPXW  200601P02860000",2020-05-26T13:36:00Z,Sell,16,3.9,27,32670,35.1,5535,1,"	230,231" 
2020-05-26T18:01:00Z,"SPXW  200605P02920000",2020-05-28T14:46:00Z,Sell,18.4,11.6,27,18360,35.1,44955,1,"	232,233" 
2020-05-29T18:01:00Z,"SPXW  200608P02910000",2020-05-29T19:06:00Z,Sell,18.6,11.8,28,19040,36.4,18620,1,"	234,235" 
2020-06-02T18:01:00Z,"SPXW  200612P02970000",2020-06-03T13:36:00Z,Sell,18.7,12.1,27,17820,35.1,6480,1,"	236,237" 
2020-06-05T18:01:00Z,"SPXW  200615P03115000",2020-06-08T17:36:00Z,Sell,15.6,10.2,25,13500,32.5,8000,1,"	238,239" 
2020-06-09T18:01:00Z,"SPXW  200619P03120000",2020-06-11T15:51:00Z,Sell,19.9,84.7,26,-168480,33.8,174200,0,"	240,241" 
2020-06-12T18:01:00Z,"SPXW  200622P02830000",2020-06-12T19:01:00Z,Sell,31.4,20.3,30,33300,39,11850,1,"	242,243" 
2020-06-16T18:01:00Z,"SPXW  200626P02985000",2020-06-18T17:56:00Z,Sell,26.7,17.6,27,24570,35.1,26730,1,"	244,245" 
2020-06-19T18:01:00Z,"SPXW  200629P02970000",2020-06-22T14:06:00Z,Sell,23.7,14.7,27,24300,35.1,29430,1,"	246,247" 
2020-06-22T18:01:00Z,"SPXW  200702P02990000",2020-06-23T15:26:00Z,Sell,23.8,14.5,27,25110,35.1,13905,1,"	248,249" 
2020-06-26T18:01:00Z,"SPXW  200706P02910000",2020-06-29T14:41:00Z,Sell,22.2,13.4,28,24640,36.4,18620,1,"	250,251" 
2020-06-30T18:01:00Z,"SPXW  200710P02965000",2020-07-01T13:36:00Z,Sell,20.6,12.6,28,22400,36.4,9296,1,"	252,253" 
2020-07-07T18:01:00Z,"SPXW  200717P03070000",2020-07-10T17:46:00Z,Sell,19,12,26,18200,33.8,56030,1,"	254,255" 
2020-07-10T18:01:00Z,"SPXW  200720P03085000",2020-07-13T13:36:00Z,Sell,16.9,8.4,26,22100,33.8,3120,1,"	256,257" 
2020-07-14T18:01:00Z,"SPXW  200724P03055000",2020-07-15T13:36:00Z,Sell,21.5,10.9,28,29680,36.4,11200,1,"	258,259" 
2020-07-17T18:01:00Z,"SPXW  200727P03135000",2020-07-20T14:21:00Z,Sell,16.3,10.7,26,14560,33.8,5850,1,"	260,261" 
2020-07-21T18:01:00Z,"SPXW  200731P03180000",2020-07-27T19:36:00Z,Sell,17.1,11.2,26,15340,33.8,60346,1,"	262,263" 
2020-07-28T18:01:00Z,"SPXW  200807P03150000",2020-07-31T13:36:00Z,Sell,16.9,10,27,18630,35.1,47844,1,"	264,265" 
2020-07-31T18:01:00Z,"SPXW  200810P03145000",2020-07-31T19:51:00Z,Sell,16,9.1,27,18630,35.1,7290,1,"	266,267" 
2020-08-04T18:01:00Z,"SPXW  200814P03210000",2020-08-05T13:56:00Z,Sell,16.3,10.5,26,15080,33.8,10010,1,"	268,269" 
2020-08-07T18:01:00Z,"SPXW  200817P03260000",2020-08-10T13:36:00Z,Sell,13.9,7.9,26,15600,33.8,8580,1,"	270,271" 
2020-08-11T18:01:00Z,"SPXW  200821P03300000",2020-08-14T15:36:00Z,Sell,14.7,9.7,25,12500,32.5,53150,1,"	272,273" 
2020-08-14T18:01:00Z,"SPXW  200824P03310000",2020-08-17T14:56:00Z,Sell,13.1,8.2,25,12250,32.5,10125,1,"	274,275" 
2020-08-18T18:01:00Z,"SPXW  200828P03315000",2020-08-21T18:36:00Z,Sell,13.7,8.7,26,13000,33.8,31070,1,"	276,277" 
2020-08-25T18:01:00Z,"SPXW  200904P03355000",2020-08-26T15:46:00Z,Sell,14.7,9.5,25,13000,32.5,1625,1,"	278,279" 
2020-09-01T18:01:00Z,"SPXW  200911P03435000",2020-09-02T14:31:00Z,Sell,15.6,10.2,25,13500,32.5,4250,1,"	280,281" 
2020-09-04T18:01:00Z,"SPXW  200914P03270000",2020-09-04T19:01:00Z,Sell,25.9,16.4,29,27550,37.7,10788,1,"	282,283" 
2020-09-08T18:01:00Z,"SPXW  200918P03240000",2020-09-09T14:41:00Z,Sell,26,17.2,29,25520,37.7,39585,1,"	284,285" 
2020-09-11T18:01:00Z,"SPXW  200921P03200000",2020-09-11T19:26:00Z,Sell,22,14.4,29,22040,37.7,11020,1,"	286,287" 
2020-09-15T18:01:00Z,"SPXW  200925P03310000",2020-09-21T14:06:00Z,Sell,18.6,78.6,28,-168000,36.4,184520,0,"	288,289" 
2020-09-22T18:01:00Z,"SPXW  201002P03195000",2020-09-25T19:11:00Z,Sell,20.3,13.3,27,18900,35.1,91665,1,"	290,291" 
2020-09-29T18:01:00Z,"SPXW  201009P03235000",2020-09-30T15:16:00Z,Sell,20,13.1,27,18630,35.1,11070,1,"	292,293" 
2020-10-02T18:01:00Z,"SPXW  201012P03255000",2020-10-05T13:36:00Z,Sell,18.4,10,27,22680,35.1,12555,1,"	294,295" 
2020-10-06T18:01:00Z,"SPXW  201016P03315000",2020-10-08T13:36:00Z,Sell,18.3,11.1,27,19440,35.1,62775,1,"	296,297" 
2020-10-09T18:01:00Z,"SPXW  201019P03400000",2020-10-12T13:36:00Z,Sell,13.7,7.7,25,15000,32.5,4000,1,"	298,299" 
2020-10-13T18:01:00Z,"SPXW  201023P03415000",2020-10-16T14:06:00Z,Sell,18.4,11.7,26,17420,33.8,57720,1,"	300,301" 
2020-10-16T18:01:00Z,"SPXW  201026P03420000",2020-10-23T13:36:00Z,Sell,15.2,7.7,25,18750,32.5,65375,1,"	302,303" 
2020-10-23T18:01:00Z,"SPXW  201102P03365000",2020-10-28T13:56:00Z,Sell,16.9,70,26,-138060,33.8,148330,0,"	304,305" 
2020-10-30T18:01:00Z,"SPXW  201109P03080000",2020-11-02T14:36:00Z,Sell,34.4,21.3,31,40610,40.3,22165,1,"	306,307" 
2020-11-03T19:01:00Z,"SPXW  201113P03185000",2020-11-04T14:36:00Z,Sell,34,15,31,58900,40.3,23715,1,"	308,309" 
2020-11-06T19:01:00Z,"SPXW  201116P03410000",2020-11-09T14:36:00Z,Sell,19.7,4,26,40820,33.8,7540,1,"	310,311" 
2020-11-10T19:01:00Z,"SPXW  201120P03435000",2020-11-11T16:11:00Z,Sell,20.8,13.3,27,20250,35.1,11205,1,"	312,313" 
2020-11-13T19:01:00Z,"SPXW  201123P03480000",2020-11-16T14:36:00Z,Sell,16.9,9.6,26,18980,33.8,5070,1,"	314,315" 
2020-11-17T19:01:00Z,"SPXW  201127P03530000",2020-11-23T14:51:00Z,Sell,15.9,9,25,17250,32.5,47375,1,"	316,317" 
2020-11-24T19:01:00Z,"SPXW  201204P03550000",2020-11-27T14:36:00Z,Sell,15.5,9.3,25,15500,32.5,8375,1,"	318,319" 
2020-11-30T14:31:00Z,"SPXW  201207P03565000",2020-12-01T14:36:00Z,Sell,14.6,7.7,25,17250,32.5,29750,1,"	320,321" 
2020-12-01T19:01:00Z,"SPXW  201211P03590000",2020-12-03T20:16:00Z,Sell,15.8,10.3,25,13750,32.5,16250,1,"	322,323" 
2020-12-04T19:01:00Z,"SPXW  201214P03615000",2020-12-07T16:51:00Z,Sell,13.8,8.9,25,12250,32.5,3250,1,"	324,325" 
2020-12-08T19:01:00Z,"SPXW  201218P03620000",2020-12-14T14:36:00Z,Sell,16,10.5,25,13750,32.5,60625,1,"	326,327" 
2020-12-14T19:01:00Z,"SPXW  201224P03575000",2020-12-15T21:01:00Z,Sell,17.7,11.7,26,15600,33.8,18070,1,"	328,329" 
2020-12-18T19:01:00Z,"SPXW  201228P03620000",2020-12-18T21:06:00Z,Sell,14,8.4,26,14560,33.8,7982,1,"	330,331" 
2020-12-21T19:01:00Z,"SPXW  201231P03595000",2020-12-23T14:36:00Z,Sell,18.3,11,27,19710,35.1,16335,1,"	332,333" 
2020-12-29T19:01:00Z,"SPXW  210108P03635000",2020-12-31T20:11:00Z,Sell,18.7,12.3,26,16640,33.8,8970,1,"	334,335" 
2021-01-05T19:01:00Z,"SPXW  210115P03605000",2021-01-06T14:56:00Z,Sell,21.9,13.9,28,22400,36.4,10640,1,"	336,337" 
2021-01-12T19:01:00Z,"SPXW  210122P03700000",2021-01-13T18:21:00Z,Sell,18.8,12.4,26,16640,33.8,8190,1,"	338,339" 
2021-01-15T19:01:00Z,"SPXW  210125P03685000",2021-01-19T14:36:00Z,Sell,17.1,9.6,27,20250,35.1,15795,1,"	340,341" 
2021-01-19T19:01:00Z,"SPXW  210129P03700000",2021-01-20T15:21:00Z,Sell,18.9,12.2,27,18090,35.1,6480,1,"	342,343" 
2021-01-22T19:01:00Z,"SPXW  210201P03765000",2021-01-25T15:26:00Z,Sell,15.1,10,26,13260,33.8,7410,1,"	344,345" 
2021-01-26T19:01:00Z,"SPXW  210205P03760000",2021-01-27T20:31:00Z,Sell,18.8,78.3,26,-154700,33.8,158860,0,"	346,347" 
2021-01-29T19:01:00Z,"SPXW  210208P03550000",2021-01-29T20:06:00Z,Sell,30.5,20.1,29,30160,37.7,15515,1,"	348,349" 
2021-02-02T19:01:00Z,"SPXW  210212P03725000",2021-02-03T19:11:00Z,Sell,20.7,13.5,26,18720,33.8,15340,1,"	350,351" 
2021-02-09T19:01:00Z,"SPXW  210219P03830000",2021-02-12T15:16:00Z,Sell,14.8,9.7,25,12750,32.5,38375,1,"	352,353" 
2021-02-12T19:01:00Z,"SPXW  210222P03845000",2021-02-16T14:36:00Z,Sell,13.1,7.3,24,13920,31.2,2160,1,"	354,355" 
2021-02-16T19:01:00Z,"SPXW  210226P03840000",2021-02-19T16:11:00Z,Sell,16.8,11,25,14500,32.5,37375,1,"	356,357" 
2021-02-19T19:01:00Z,"SPXW  210301P03830000",2021-02-24T16:36:00Z,Sell,15.5,10.1,25,13500,32.5,101750,1,"	358,359" 
2021-02-26T19:01:00Z,"SPXW  210308P03700000",2021-03-01T14:36:00Z,Sell,24.9,9.6,28,42840,36.4,45500,1,"	360,361" 
2021-03-02T19:01:00Z,"SPXW  210312P03790000",2021-03-04T18:51:00Z,Sell,19.8,89,27,-186840,35.1,187515,0,"	362,363" 
2021-03-05T19:01:00Z,"SPXW  210315P03700000",2021-03-08T14:41:00Z,Sell,22.5,14.4,26,21060,33.8,11180,1,"	364,365" 
2021-03-09T19:01:00Z,"SPXW  210319P03790000",2021-03-11T14:36:00Z,Sell,21.8,12,25,24500,32.5,22125,1,"	366,367" 
2021-03-12T19:01:00Z,"SPXW  210322P03845000",2021-03-15T15:06:00Z,Sell,15.4,10,24,12960,31.2,4200,1,"	368,369" 
2021-03-16T18:01:00Z,"SPXW  210326P03880000",2021-03-22T15:11:00Z,Sell,16,10.4,24,13440,31.2,65736,1,"	370,371" 
2021-03-22T18:01:00Z,"SPXW  210401P03865000",2021-03-26T14:36:00Z,Sell,14.8,9.7,24,12240,31.2,80160,1,"	372,373" 
2021-03-26T18:01:00Z,"SPXW  210405P03860000",2021-03-29T16:46:00Z,Sell,13.3,8.4,24,11760,31.2,20520,1,"	374,375" 
2021-03-30T18:01:00Z,"SPXW  210409P03865000",2021-03-31T14:11:00Z,Sell,16.9,11,25,14750,32.5,8000,1,"	376,377" 
2021-04-06T18:01:00Z,"SPXW  210416P04000000",2021-04-08T13:36:00Z,Sell,14.5,8.9,24,13440,31.2,8280,1,"	378,379" 
2021-04-09T18:01:00Z,"SPXW  210419P04050000",2021-04-12T16:36:00Z,Sell,11.8,7.4,23,10120,29.9,5060,1,"	380,381" 
2021-04-13T18:01:00Z,"SPXW  210423P04065000",2021-04-15T14:16:00Z,Sell,13,8.5,23,10350,29.9,17020,1,"	382,383" 
2021-04-16T18:01:00Z,"SPXW  210426P04115000",2021-04-21T18:06:00Z,Sell,11.7,7.6,23,9430,29.9,47840,1,"	384,385" 
2021-04-23T18:01:00Z,"SPXW  210503P04115000",2021-04-26T18:06:00Z,Sell,12.3,8.1,23,9660,29.9,9430,1,"	386,387" 
2021-04-27T18:01:00Z,"SPXW  210507P04105000",2021-04-29T13:36:00Z,Sell,14.6,7.1,23,17250,29.9,6325,1,"	388,389" 
2021-04-30T18:01:00Z,"SPXW  210510P04100000",2021-05-03T13:36:00Z,Sell,14,7,23,16100,29.9,5290,1,"	390,391" 
2021-05-04T18:01:00Z,"SPXW  210514P04045000",2021-05-05T13:36:00Z,Sell,18.8,10,25,22000,32.5,7000,1,"	392,393" 
2021-05-07T18:01:00Z,"SPXW  210517P04160000",2021-05-11T13:36:00Z,Sell,13.2,55.2,23,-96600,29.9,106145,0,"	394,395" 
2021-05-11T18:01:00Z,"SPXW  210521P04080000",2021-05-14T13:56:00Z,Sell,29,19.1,25,24750,32.5,122625,1,"	396,397" 
2021-05-14T18:01:00Z,"SPXW  210524P04080000",2021-05-18T14:31:00Z,Sell,16.6,10.9,24,13680,31.2,20160,1,"	398,399" 
2021-05-18T18:01:00Z,"SPXW  210528P04060000",2021-05-21T13:36:00Z,Sell,19.2,10.8,24,20160,31.2,96768,1,"	400,401" 
2021-05-25T18:01:00Z,"SPXW  210604P04115000",2021-05-27T13:36:00Z,Sell,15,8.7,23,14490,29.9,7130,1,"	402,403" 
2021-05-28T18:01:00Z,"SPXW  210607P04160000",2021-06-02T13:51:00Z,Sell,9.9,6.4,23,8050,29.9,15640,1,"	404,405" 
2021-06-04T18:01:00Z,"SPXW  210614P04170000",2021-06-07T19:56:00Z,Sell,10.9,7.1,23,8740,29.9,4830,1,"	406,407" 
2021-06-08T18:01:00Z,"SPXW  210618P04150000",2021-06-10T16:51:00Z,Sell,14,9.1,23,11270,29.9,11500,1,"	408,409" 
2021-06-11T18:01:00Z,"SPXW  210621P04180000",2021-06-14T20:06:00Z,Sell,11.5,7.6,23,8970,29.9,7774,1,"	410,411" 
2021-06-15T18:01:00Z,"SPXW  210625P04175000",2021-06-21T20:06:00Z,Sell,14.4,9.4,23,11500,29.9,72427,1,"	412,413" 
2021-06-22T18:01:00Z,"SPXW  210702P04160000",2021-06-23T14:21:00Z,Sell,14.5,9.3,24,12480,31.2,2784,1,"	414,415" 
2021-06-29T18:01:00Z,"SPXW  210709P04235000",2021-07-01T13:36:00Z,Sell,11.4,7.2,23,9660,29.9,5750,1,"	416,417" 
2021-07-02T18:01:00Z,"SPXW  210712P04300000",2021-07-07T13:41:00Z,Sell,8.4,5.3,22,6820,28.6,29040,1,"	418,419" 
2021-07-09T18:01:00Z,"SPXW  210719P04300000",2021-07-12T15:11:00Z,Sell,11.5,7.6,23,8970,29.9,2645,1,"	420,421" 
2021-07-13T18:01:00Z,"SPXW  210723P04300000",2021-07-16T13:36:00Z,Sell,14.1,8.8,23,12190,29.9,26105,1,"	422,423" 
2021-07-16T18:01:00Z,"SPXW  210726P04270000",2021-07-19T14:16:00Z,Sell,13.8,57.6,23,-100740,29.9,101660,0,"	424,425" 
2021-07-20T18:01:00Z,"SPXW  210730P04220000",2021-07-21T13:56:00Z,Sell,19.6,12.5,23,16330,29.9,7245,1,"	426,427" 
2021-07-23T18:01:00Z,"SPXW  210802P04345000",2021-07-26T19:06:00Z,Sell,12.5,8.1,22,9680,28.6,4620,1,"	428,429" 
2021-07-27T18:01:00Z,"SPXW  210806P04275000",2021-07-27T20:01:00Z,Sell,19.5,12.8,23,15410,29.9,3795,1,"	430,431" 
2021-07-30T18:01:00Z,"SPXW  210809P04330000",2021-08-02T13:36:00Z,Sell,13.4,8.1,22,11660,28.6,8250,1,"	432,433" 
2021-08-03T18:01:00Z,"SPXW  210813P04335000",2021-08-05T17:51:00Z,Sell,14.3,9.3,23,11500,29.9,11615,1,"	434,435" 
2021-08-06T18:01:00Z,"SPXW  210816P04380000",2021-08-09T19:41:00Z,Sell,11,7.3,22,8140,28.6,7590,1,"	436,437" 
2021-08-10T18:01:00Z,"SPXW  210820P04370000",2021-08-11T19:36:00Z,Sell,12.9,8.4,22,9900,28.6,5060,1,"	438,439" 
2021-08-13T18:01:00Z,"SPXW  210823P04415000",2021-08-16T20:06:00Z,Sell,9.1,5.9,22,7040,28.6,20460,1,"	440,441" 
2021-08-17T18:01:00Z,"SPXW  210827P04335000",2021-08-18T14:06:00Z,Sell,18.4,12.1,23,14490,29.9,7475,1,"	442,443" 
2021-08-20T18:01:00Z,"SPXW  210830P04330000",2021-08-23T13:36:00Z,Sell,13.5,5.5,23,18400,29.9,3795,1,"	444,445" 
2021-08-24T18:01:00Z,"SPXW  210903P04415000",2021-08-27T14:21:00Z,Sell,13.5,8.6,23,11270,29.9,25990,1,"	446,447" 
2021-08-31T18:01:00Z,"SPXW  210910P04460000",2021-09-02T13:36:00Z,Sell,12.4,7.6,22,10560,28.6,6270,1,"	448,449" 
2021-09-03T18:01:00Z,"SPXW  210913P04485000",2021-09-09T13:56:00Z,Sell,9.9,6.2,22,8140,28.6,28160,1,"	450,451" 
2021-09-10T18:01:00Z,"SPXW  210920P04410000",2021-09-15T17:06:00Z,Sell,14.3,9.3,23,11500,29.9,38295,1,"	452,453" 
2021-09-17T18:01:00Z,"SPXW  210927P04330000",2021-09-22T18:06:00Z,Sell,18.5,12,24,15600,31.2,135720,1,"	454,455" 
2021-09-24T18:01:00Z,"SPXW  211004P04365000",2021-09-27T14:36:00Z,Sell,15.3,9.8,24,13200,31.2,6600,1,"	456,457" 
2021-09-28T18:01:00Z,"SPXW  211008P04220000",2021-09-29T14:51:00Z,Sell,25.7,16.4,26,24180,33.8,24830,1,"	458,459" 
2021-10-01T18:01:00Z,"SPXW  211011P04245000",2021-10-05T14:31:00Z,Sell,19.5,12.1,25,18500,32.5,62875,1,"	460,461" 
2021-10-05T18:01:00Z,"SPXW  211015P04250000",2021-10-07T13:36:00Z,Sell,21.5,10.1,26,29640,33.8,67210,1,"	462,463" 
2021-10-08T18:01:00Z,"SPXW  211018P04305000",2021-10-11T14:11:00Z,Sell,16.8,11,25,14500,32.5,11875,1,"	464,465" 
2021-10-12T18:01:00Z,"SPXW  211022P04250000",2021-10-14T13:36:00Z,Sell,20.5,7.4,26,34060,33.8,25194,1,"	466,467" 
2021-10-15T18:01:00Z,"SPXW  211025P04405000",2021-10-18T18:56:00Z,Sell,12.3,7.8,24,10800,31.2,17520,1,"	468,469" 
2021-10-19T18:01:00Z,"SPXW  211029P04445000",2021-10-21T14:31:00Z,Sell,13.1,8.3,24,11520,31.2,6720,1,"	470,471" 
2021-10-22T18:01:00Z,"SPXW  211101P04475000",2021-10-25T14:06:00Z,Sell,12,7.7,24,10320,31.2,6720,1,"	472,473" 
2021-10-26T18:01:00Z,"SPXW  211105P04495000",2021-10-28T19:56:00Z,Sell,14.9,9.7,24,12480,31.2,22680,1,"	474,475" 
2021-10-29T18:01:00Z,"SPXW  211108P04525000",2021-11-01T13:36:00Z,Sell,13.3,8.7,24,11040,31.2,5880,1,"	476,477" 
2021-11-02T18:01:00Z,"SPXW  211112P04545000",2021-11-03T18:51:00Z,Sell,15.6,10.3,24,12720,31.2,4920,1,"	478,479" 
2021-11-05T18:01:00Z,"SPXW  211115P04620000",2021-11-08T14:36:00Z,Sell,12.9,7.2,24,13680,31.2,4080,1,"	480,481" 
2021-11-09T19:01:00Z,"SPXW  211119P04580000",2021-11-12T14:36:00Z,Sell,17.8,11.3,24,15600,31.2,41880,1,"	482,483" 
2021-11-12T19:01:00Z,"SPXW  211122P04610000",2021-11-15T14:41:00Z,Sell,12,7.7,24,10320,31.2,3960,1,"	484,485" 
2021-11-16T19:01:00Z,"SPXW  211126P04650000",2021-11-19T17:36:00Z,Sell,12.6,8.2,24,10560,31.2,19080,1,"	486,487" 
2021-11-19T19:01:00Z,"SPXW  211129P04640000",2021-11-22T14:36:00Z,Sell,12.5,6.2,24,15120,31.2,5280,1,"	488,489" 
2021-11-23T19:01:00Z,"SPXW  211203P04570000",2021-11-24T18:11:00Z,Sell,18.1,11.8,25,15750,32.5,21750,1,"	490,491" 
2021-11-29T14:36:00Z,"SPXW  211206P04455000",2021-11-29T14:40:00Z,Buy,12.4,11.899246875,27,-1352.03,35.1,1892.03,0,"	493,494" 
2021-11-30T19:01:00Z,"SPXW  211210P04445000",2021-12-01T14:46:00Z,Sell,29.6,18.6,27,29700,35.1,31725,1,"	495,496" 
2021-12-03T19:01:00Z,"SPXW  211213P04370000",2021-12-06T14:36:00Z,Sell,41.8,20.7,30,63300,39,29550,1,"	497,498" 
2021-12-07T19:01:00Z,"SPXW  211217P04570000",2021-12-08T20:26:00Z,Sell,22.9,14.4,26,22100,33.8,17550,1,"	499,500" 
2021-12-10T19:01:00Z,"SPXW  211220P04605000",2021-12-15T20:21:00Z,Sell,17,9.4,26,19760,33.8,85306,1,"	501,502" 
2021-12-17T19:01:00Z,"SPXW  211227P04555000",2021-12-21T18:31:00Z,Sell,17.9,11.7,26,16120,33.8,122330,1,"	503,504" 
2021-12-21T19:01:00Z,"SPXW  211231P04530000",2021-12-22T15:16:00Z,Sell,21.7,14,27,20790,35.1,9180,1,"	505,506" 
2021-12-28T19:01:00Z,"SPXW  220107P04705000",2021-12-29T20:11:00Z,Sell,15.6,10,25,14000,32.5,9625,1,"	507,508" 
2021-12-31T19:01:00Z,"SPXW  220110P04710000",2022-01-03T19:11:00Z,Sell,12.7,8.1,25,11500,32.5,19750,1,"	509,510" 
2022-01-04T19:01:00Z,"SPXW  220114P04690000",2022-01-04T20:51:00Z,Sell,16.4,10.7,26,14820,33.8,1950,1,"	511,512" 
2022-01-11T19:01:00Z,"SPXW  220121P04600000",2022-01-12T14:36:00Z,Sell,19.4,11.9,27,20250,35.1,7074,1,"	513,514" 
2022-01-14T19:01:00Z,"SPXW  220124P04530000",2022-01-14T20:46:00Z,Sell,20.2,12.7,27,20250,35.1,7425,1,"	515,516" 
2022-01-18T19:01:00Z,"SPXW  220128P04445000",2022-01-24T14:36:00Z,Sell,26.1,141,29,-333210,37.7,367285,0,"	517,518" 
2022-01-25T19:01:00Z,"SPXW  220204P04185000",2022-01-26T14:56:00Z,Sell,37,23.4,30,40800,39,48150,1,"	519,520" 
2022-01-28T19:01:00Z,"SPXW  220207P04220000",2022-01-28T20:51:00Z,Sell,30.3,19.6,29,31030,37.7,37990,1,"	521,522" 
2022-02-01T19:01:00Z,"SPXW  220211P04385000",2022-02-02T14:36:00Z,Sell,25.5,14.8,27,28890,35.1,8100,1,"	523,524" 
2022-02-04T19:01:00Z,"SPXW  220214P04400000",2022-02-07T19:46:00Z,Sell,22.4,14.5,27,21330,35.1,29970,1,"	525,526" 
2022-02-08T19:01:00Z,"SPXW  220218P04395000",2022-02-09T14:36:00Z,Sell,22.9,12.7,27,27540,35.1,18495,1,"	527,528" 
2022-02-15T19:01:00Z,"SPXW  220225P04325000",2022-02-16T20:06:00Z,Sell,26.2,16.6,29,27840,37.7,27260,1,"	529,530" 
2022-02-18T19:01:00Z,"SPXW  220228P04205000",2022-02-22T14:56:00Z,Sell,27.8,18.4,30,28200,39,32700,1,"	531,532" 
2022-02-22T19:01:00Z,"SPXW  220304P04110000",2022-02-22T20:06:00Z,Sell,32.8,21.3,32,36800,41.6,15040,1,"	533,534" 
2022-02-25T19:01:00Z,"SPXW  220307P04185000",2022-03-02T16:16:00Z,Sell,19.3,12.6,29,19430,37.7,73370,1,"	535,536" 
2022-03-04T19:01:00Z,"SPXW  220314P04170000",2022-03-09T17:16:00Z,Sell,37.8,24.8,33,42900,42.9,163845,1,"	537,538" 
2022-03-11T19:01:00Z,"SPXW  220321P04100000",2022-03-15T19:21:00Z,Sell,28.1,17.8,32,32960,41.6,83680,1,"	539,540" 
2022-03-18T18:01:00Z,"SPXW  220328P04320000",2022-03-21T13:36:00Z,Sell,22.9,13.2,30,29100,39,5400,1,"	541,542" 
2022-03-21T18:01:00Z,"SPXW  220331P04305000",2022-03-22T13:36:00Z,Sell,25.7,15.7,31,31000,40.3,16740,1,"	543,544" 
2022-03-22T18:01:00Z,"SPXW  220401P04385000",2022-03-24T19:56:00Z,Sell,23.6,15.5,30,24300,39,39000,1,"	545,546" 
2022-03-25T18:01:00Z,"SPXW  220404P04425000",2022-03-28T13:56:00Z,Sell,19.2,11.8,29,21460,37.7,12325,1,"	547,548" 
2022-03-29T18:01:00Z,"SPXW  220408P04510000",2022-04-04T15:06:00Z,Sell,18.6,12,29,19140,37.7,76705,1,"	549,550" 
2022-04-04T18:01:00Z,"SPXW  220414P04480000",2022-04-11T19:36:00Z,Sell,17.2,74,29,-164720,37.7,177335,0,"	551,552" 
2022-04-12T18:01:00Z,"SPXW  220422P04290000",2022-04-13T16:36:00Z,Sell,23.1,15.1,29,23200,37.7,32335,1,"	553,554" 
2022-04-19T18:01:00Z,"SPXW  220429P04335000",2022-04-20T13:41:00Z,Sell,21.6,14.1,29,21750,37.7,21895,1,"	555,556" 
2022-04-22T18:01:00Z,"SPXW  220502P04165000",2022-04-28T16:46:00Z,Sell,25.8,16,31,30380,40.3,165850,1,"	557,558" 
2022-04-29T18:01:00Z,"SPXW  220509P04040000",2022-05-03T15:36:00Z,Sell,31,20.5,33,34650,42.9,135729,1,"	559,560" 
2022-05-03T18:01:00Z,"SPXW  220513P04020000",2022-05-04T18:51:00Z,Sell,32.6,20.5,35,42350,45.5,39375,1,"	561,562" 
2022-05-06T18:01:00Z,"SPXW  220516P03975000",2022-05-13T14:36:00Z,Sell,34,22,36,43200,46.8,381060,1,"	563,564" 
2022-05-13T18:01:00Z,"SPXW  220523P03860000",2022-05-16T14:31:00Z,Sell,28.1,17.7,36,37440,46.8,25920,1,"	565,566" 
2022-05-16T18:01:00Z,"SPXW  220526P03880000",2022-05-17T13:36:00Z,Sell,27.5,17.7,37,36260,48.1,31080,1,"	567,568" 
2022-05-17T18:01:00Z,"SPXW  220527P03935000",2022-05-20T15:21:00Z,Sell,26.6,109.1,36,-297000,46.8,312300,0,"	569,570" 
2022-05-23T18:01:00Z,"SPXW  220602P03835000",2022-05-25T19:06:00Z,Sell,26.8,15.5,34,38420,44.2,112540,1,"	571,572" 
2022-05-27T18:01:00Z,"SPXW  220606P04020000",2022-05-31T15:56:00Z,Sell,20.9,13.3,31,23560,40.3,34100,1,"	573,574" 
2022-05-31T18:01:00Z,"SPXW  220610P04035000",2022-06-02T19:46:00Z,Sell,26,17,32,28800,41.6,93760,1,"	575,576" 
2022-06-03T18:01:00Z,"SPXW  220613P04000000",2022-06-06T13:36:00Z,Sell,21.4,12.2,32,29440,41.6,15680,1,"	577,578" 
2022-06-06T18:01:00Z,"SPXW  220616P04010000",2022-06-08T13:56:00Z,Sell,26.1,17.1,33,29700,42.9,50490,1,"	579,580" 
2022-06-14T18:01:00Z,"SPXW  220624P03580000",2022-06-15T14:06:00Z,Sell,29.8,19.7,39,39390,50.7,38610,1,"	581,582" 
2022-06-17T18:01:00Z,"SPXW  220627P03560000",2022-06-21T13:36:00Z,Sell,24.4,9.8,39,56940,50.7,25350,1,"	583,584" 
2022-06-21T18:01:00Z,"SPXW  220701P03635000",2022-06-22T18:11:00Z,Sell,26,16.7,38,35340,49.4,49400,1,"	585,586" 
2022-06-27T18:01:00Z,"SPXW  220707P03780000",2022-06-28T13:36:00Z,Sell,23.3,14.1,37,34040,48.1,15170,1,"	587,588" 
2022-06-28T18:01:00Z,"SPXW  220708P03725000",2022-07-01T19:36:00Z,Sell,23.9,15.7,38,31160,49.4,122740,1,"	589,590" 
2022-07-05T18:01:00Z,"SPXW  220715P03655000",2022-07-06T13:36:00Z,Sell,26,15.6,39,40560,50.7,7800,1,"	591,592" 
2022-07-08T18:01:00Z,"SPXW  220718P03795000",2022-07-14T13:46:00Z,Sell,19.2,80.1,37,-225330,48.1,238095,0,"	593,594" 
2022-07-15T18:01:00Z,"SPXW  220725P03755000",2022-07-18T13:36:00Z,Sell,18.7,8.9,35,34300,45.5,7000,1,"	595,596" 
2022-07-18T18:01:00Z,"SPXW  220728P03730000",2022-07-19T14:51:00Z,Sell,23.7,15.6,37,29970,48.1,38665,1,"	597,598" 
2022-07-19T18:01:00Z,"SPXW  220729P03800000",2022-07-20T14:56:00Z,Sell,25.5,16.3,36,33120,46.8,10440,1,"	599,600" 
2022-07-22T18:01:00Z,"SPXW  220801P03845000",2022-07-25T16:51:00Z,Sell,20,13,35,24500,45.5,15575,1,"	601,602" 
2022-07-25T18:01:00Z,"SPXW  220804P03840000",2022-07-27T15:06:00Z,Sell,22.9,15,36,28440,46.8,58320,1,"	603,604" 
2022-07-29T18:01:00Z,"SPXW  220808P04035000",2022-08-03T13:41:00Z,Sell,16,10.6,33,17820,42.9,47190,1,"	605,606" 
2022-08-05T18:01:00Z,"SPXW  220815P04045000",2022-08-08T13:36:00Z,Sell,18.2,10.8,33,24420,42.9,9240,1,"	607,608" 
2022-08-08T18:01:00Z,"SPXW  220818P04045000",2022-08-10T13:36:00Z,Sell,20,9.7,34,35020,44.2,28390,1,"	609,610" 
2022-08-12T18:01:00Z,"SPXW  220822P04180000",2022-08-15T15:41:00Z,Sell,14.5,9.1,32,17280,41.6,7200,1,"	611,612" 
2022-08-15T18:01:00Z,"SPXW  220825P04200000",2022-08-16T17:41:00Z,Sell,16.6,10.6,33,19800,42.9,13530,1,"	613,614" 
2022-08-16T18:01:00Z,"SPXW  220826P04225000",2022-08-22T13:36:00Z,Sell,18.2,74.6,33,-186120,42.9,188925,0,"	615,616" 
2022-08-22T18:01:00Z,"SPXW  220901P04025000",2022-08-24T15:31:00Z,Sell,22.3,14.6,33,25410,42.9,26235,1,"	617,618" 
2022-08-29T18:01:00Z,"SPXW  220908P03940000",2022-09-02T14:41:00Z,Sell,22.8,14.3,35,29750,45.5,165550,1,"	619,620" 
2022-09-02T18:01:00Z,"SPXW  220912P03825000",2022-09-06T15:11:00Z,Sell,20.1,13.1,35,24500,45.5,55475,1,"	621,622" 
2022-09-06T18:01:00Z,"SPXW  220916P03775000",2022-09-07T15:06:00Z,Sell,25.9,16.5,38,35720,49.4,16530,1,"	623,624" 
2022-09-09T18:01:00Z,"SPXW  220919P03970000",2022-09-12T13:36:00Z,Sell,19.4,12.2,34,24480,44.2,10030,1,"	625,626" 
2022-09-12T18:01:00Z,"SPXW  220922P03990000",2022-09-13T19:36:00Z,Sell,22.9,99.1,35,-266700,45.5,270725,0,"	627,628" 
2022-09-16T18:01:00Z,"SPXW  220926P03720000",2022-09-16T20:11:00Z,Sell,24.7,15.9,36,31680,46.8,11520,1,"	629,630" 
2022-09-19T18:01:00Z,"SPXW  220929P03740000",2022-09-21T18:46:00Z,Sell,25.8,16.1,36,34920,46.8,77940,1,"	631,632" 
2022-09-23T18:01:00Z,"SPXW  221003P03550000",2022-09-26T14:16:00Z,Sell,26.6,16.9,38,36860,49.4,45030,1,"	633,634" 
2022-09-26T18:01:00Z,"SPXW  221006P03500000",2022-09-27T13:36:00Z,Sell,29.8,15.5,41,58630,53.3,30750,1,"	635,636" 
2022-09-27T18:01:00Z,"SPXW  221007P03475000",2022-09-28T14:26:00Z,Sell,30.4,19.9,42,44100,54.6,25830,1,"	637,638" 
2022-09-30T18:01:00Z,"SPXW  221010P03505000",2022-10-03T14:11:00Z,Sell,24,14.4,40,38400,52,46200,1,"	639,640" 
2022-10-03T18:01:00Z,"SPXW  221013P03535000",2022-10-04T13:36:00Z,Sell,26.1,12.2,41,56990,53.3,17425,1,"	641,642" 
2022-10-04T18:01:00Z,"SPXW  221014P03645000",2022-10-13T15:07:00Z,Sell,26.3,90.2,40,-255600,52,538520,0,"	643,644" 
2022-10-14T18:01:00Z,"SPXW  221024P03495000",2022-10-17T13:36:00Z,Sell,23.6,11.5,38,45980,49.4,30210,1,"	645,646" 
2022-10-17T18:01:00Z,"SPXW  221027P03560000",2022-10-18T13:36:00Z,Sell,25.3,14.1,39,43680,50.7,11895,1,"	647,648" 
2022-10-18T18:01:00Z,"SPXW  221028P03605000",2022-10-21T16:51:00Z,Sell,25.8,16.1,38,36860,49.4,75430,1,"	649,650" 
2022-10-21T18:01:00Z,"SPXW  221031P03625000",2022-10-24T13:41:00Z,Sell,21.8,13.6,38,31160,49.4,9690,1,"	651,652" 
2022-10-24T18:01:00Z,"SPXW  221103P03645000",2022-10-25T13:51:00Z,Sell,26.8,16.8,39,39000,50.7,7605,1,"	653,654" 
2022-10-25T18:01:00Z,"SPXW  221104P03705000",2022-10-26T15:16:00Z,Sell,27.8,17.8,39,39000,50.7,25545,1,"	655,656" 
2022-10-28T18:01:00Z,"SPXW  221107P03770000",2022-11-01T13:36:00Z,Sell,23.5,12.8,38,40660,49.4,30780,1,"	657,658" 
2022-11-01T18:01:00Z,"SPXW  221111P03725000",2022-11-08T14:56:00Z,Sell,26.3,16.8,40,38000,52,321720,1,"	659,660" 
2022-11-08T19:01:00Z,"SPXW  221118P03690000",2022-11-10T14:36:00Z,Sell,25.9,8.8,40,68400,52,94800,1,"	661,662" 
2022-11-11T19:01:00Z,"SPXW  221121P03890000",2022-11-14T17:11:00Z,Sell,19,12.4,37,24420,48.1,17760,1,"	663,664" 
2022-11-15T19:01:00Z,"SPXW  221125P03860000",2022-11-15T20:06:00Z,Sell,22.9,14.6,38,31540,49.4,21660,1,"	665,666" 
2022-11-18T19:01:00Z,"SPXW  221128P03870000",2022-11-18T20:41:00Z,Sell,15.5,10.3,37,19240,48.1,5735,1,"	667,668" 
2022-11-21T19:01:00Z,"SPXW  221201P03865000",2022-11-22T15:16:00Z,Sell,16.4,10.2,37,22940,48.1,7400,1,"	669,670" 
2022-11-22T19:01:00Z,"SPXW  221202P03900000",2022-11-23T15:26:00Z,Sell,17.2,10.9,37,23310,48.1,9287,1,"	671,672" 
2022-11-28T14:31:00Z,"SPXW  221205P03950000",2022-11-30T19:21:00Z,Sell,22,9.6,37,45880,48.1,106745,1,"	673,674" 
2022-12-02T19:01:00Z,"SPXW  221212P03990000",2022-12-02T20:21:00Z,Sell,13.2,8.6,36,16560,46.8,5760,1,"	675,676" 
2022-12-05T19:01:00Z,"SPXW  221215P03875000",2022-12-13T14:36:00Z,Sell,23.1,1.9,40,84800,52,113400,1,"	677,678" 
2022-12-13T19:01:00Z,"SPXW  221223P03905000",2022-12-14T15:11:00Z,Sell,21.6,14,40,30400,52,29800,1,"	679,680" 
2022-12-19T19:01:00Z,"SPXW  221229P03730000",2022-12-21T14:36:00Z,Sell,16.7,8,41,35670,53.3,27265,1,"	681,682" 
2022-12-27T19:01:00Z,"SPXW  230106P03740000",2022-12-29T16:36:00Z,Sell,18.2,12,41,25420,53.3,76465,1,"	683,684" 
2022-12-30T19:01:00Z,"SPXW  230109P03725000",2022-12-30T20:56:00Z,Sell,16.1,10.4,42,23940,54.6,9240,1,"	685,686" 
2023-01-03T19:01:00Z,"SPXW  230113P03700000",2023-01-04T15:51:00Z,Sell,22,14.4,44,33440,57.2,36520,1,"	687,688" 
2023-01-09T19:01:00Z,"SPXW  230119P03820000",2023-01-11T14:46:00Z,Sell,19.8,13.1,42,28140,54.6,50190,1,"	689,690" 
2023-01-13T19:01:00Z,"SPXW  230123P03925000",2023-01-17T15:06:00Z,Sell,12.9,8,39,19110,50.7,8775,1,"	691,692" 
2023-01-17T19:01:00Z,"SPXW  230127P03925000",2023-01-19T16:46:00Z,Sell,15.1,62.2,40,-188400,52,206200,0,"	693,694" 
2023-01-20T19:01:00Z,"SPXW  230130P03880000",2023-01-23T14:36:00Z,Sell,14.3,9.2,38,19380,49.4,4750,1,"	695,696" 
2023-01-23T19:01:00Z,"SPXW  230202P03940000",2023-01-26T14:41:00Z,Sell,19.2,12.1,39,27690,50.7,107250,1,"	697,698" 
2023-01-27T19:01:00Z,"SPXW  230206P03990000",2023-02-01T19:41:00Z,Sell,18.2,11.3,38,26220,49.4,86450,1,"	699,700" 
2023-02-03T19:01:00Z,"SPXW  230213P04065000",2023-02-07T17:51:00Z,Sell,16.1,10.6,37,20350,48.1,48100,1,"	701,702" 
2023-02-07T19:01:00Z,"SPXW  230217P04000000",2023-02-07T19:36:00Z,Sell,20.6,12.6,39,31200,50.7,3315,1,"	703,704" 
2023-02-13T19:01:00Z,"SPXW  230223P04030000",2023-02-14T14:56:00Z,Sell,20.6,13.6,40,28000,52,15000,1,"	705,706" 
2023-02-14T19:01:00Z,"SPXW  230224P04050000",2023-02-15T21:01:00Z,Sell,16.8,10.9,39,23010,50.7,32877,1,"	707,708" 
2023-02-17T19:01:00Z,"SPXW  230227P03980000",2023-02-23T20:36:00Z,Sell,16.3,10.7,39,21840,50.7,89700,1,"	709,710" 
2023-02-24T19:01:00Z,"SPXW  230306P03885000",2023-02-27T14:36:00Z,Sell,15.6,7.4,40,32800,52,17400,1,"	711,712" 
2023-02-27T19:01:00Z,"SPXW  230309P03910000",2023-03-03T14:36:00Z,Sell,17,8.8,41,33620,53.3,75030,1,"	713,714" 
2023-03-03T19:01:00Z,"SPXW  230313P03955000",2023-03-06T14:36:00Z,Sell,15.4,9.4,40,24000,52,4200,1,"	715,716" 
2023-03-06T19:01:00Z,"SPXW  230316P03955000",2023-03-09T20:21:00Z,Sell,18.8,77.6,42,-246960,54.6,256830,0,"	717,718" 
2023-03-10T19:01:00Z,"SPXW  230320P03720000",2023-03-10T19:51:00Z,Sell,25.6,16.4,44,40480,57.2,24420,1,"	719,720" 
2023-03-13T18:01:00Z,"SPXW  230323P03740000",2023-03-14T13:41:00Z,Sell,27.5,15.8,45,52650,58.5,50625,1,"	721,722" 
2023-03-14T18:01:00Z,"SPXW  230324P03770000",2023-03-16T15:31:00Z,Sell,25.6,16.5,44,40040,57.2,137280,1,"	723,724" 
2023-03-17T18:01:00Z,"SPXW  230327P03805000",2023-03-20T15:31:00Z,Sell,24.1,14.4,43,41710,55.9,36980,1,"	725,726" 
2023-03-20T18:01:00Z,"SPXW  230330P03820000",2023-03-21T13:36:00Z,Sell,25.7,14.3,44,50160,57.2,14300,1,"	727,728" 
2023-03-21T18:01:00Z,"SPXW  230331P03865000",2023-03-22T14:26:00Z,Sell,23.1,15,43,34830,55.9,6235,1,"	729,730" 
2023-03-24T18:01:00Z,"SPXW  230403P03845000",2023-03-27T13:31:00Z,Sell,20.8,7.9,43,55470,55.9,6665,1,"	731,732" 
2023-03-27T18:01:00Z,"SPXW  230406P03885000",2023-03-29T13:36:00Z,Sell,19.2,8.8,43,44720,55.9,35905,1,"	733,734" 
2023-03-31T18:01:00Z,"SPXW  230410P04015000",2023-04-03T13:36:00Z,Sell,15.1,9.3,41,23780,53.3,5945,1,"	735,736" 
2023-04-03T18:01:00Z,"SPXW  230413P04020000",2023-04-06T16:36:00Z,Sell,16.9,10.8,42,25620,54.6,46200,1,"	737,738" 
2023-04-10T18:01:00Z,"SPXW  230420P04020000",2023-04-11T17:46:00Z,Sell,15.8,10.4,41,22140,53.3,8405,1,"	739,740" 
2023-04-11T18:01:00Z,"SPXW  230421P04045000",2023-04-13T16:21:00Z,Sell,15.3,10,41,21730,53.3,45100,1,"	741,742" 
2023-04-14T18:01:00Z,"SPXW  230424P04065000",2023-04-17T13:36:00Z,Sell,12.4,8.1,40,17200,52,12400,1,"	743,744" 
2023-04-17T18:01:00Z,"SPXW  230427P04060000",2023-04-18T13:36:00Z,Sell,13,7.6,41,22140,53.3,2255,1,"	745,746" 
2023-04-18T18:01:00Z,"SPXW  230428P04085000",2023-04-24T14:16:00Z,Sell,13.9,9.2,41,19270,53.3,45305,1,"	747,748" 
2023-04-24T18:01:00Z,"SPXW  230504P04055000",2023-04-27T20:06:00Z,Sell,16.5,9.7,42,28560,54.6,118860,1,"	749,750" 
2023-04-28T18:01:00Z,"SPXW  230508P04090000",2023-05-01T13:51:00Z,Sell,14.9,9.8,41,20910,53.3,10250,1,"	751,752" 
2023-05-01T18:01:00Z,"SPXW  230511P04105000",2023-05-04T13:46:00Z,Sell,14.7,65,42,-211260,54.6,211260,0,"	753,754" 
2023-05-05T18:01:00Z,"SPXW  230515P04060000",2023-05-08T17:36:00Z,Sell,15,9.7,40,21200,52,10800,1,"	755,756" 
2023-05-08T18:01:00Z,"SPXW  230518P04060000",2023-05-10T13:36:00Z,Sell,15.2,9.3,41,24190,53.3,25625,1,"	757,758" 
2023-05-12T18:01:00Z,"SPXW  230522P04030000",2023-05-12T19:56:00Z,Sell,14.3,8.9,41,22140,53.3,5535,1,"	759,760" 
2023-05-15T18:01:00Z,"SPXW  230525P04060000",2023-05-17T16:51:00Z,Sell,13.9,9.1,41,19680,53.3,31160,1,"	761,762" 
2023-05-22T18:01:00Z,"SPXW  230601P04125000",2023-05-26T14:56:00Z,Sell,14,9.2,40,19200,52,146800,1,"	763,764" 
2023-05-26T18:01:00Z,"SPXW  230605P04125000",2023-05-30T13:36:00Z,Sell,15.1,7,41,33210,53.3,5945,1,"	765,766" 
2023-05-30T18:01:00Z,"SPXW  230609P04115000",2023-06-01T14:16:00Z,Sell,17,10.8,41,25420,53.3,30955,1,"	767,768" 
2023-06-02T18:01:00Z,"SPXW  230612P04235000",2023-06-05T15:36:00Z,Sell,10.8,7.1,39,14430,50.7,8970,1,"	769,770" 
2023-06-05T18:01:00Z,"SPXW  230615P04220000",2023-06-08T16:26:00Z,Sell,12.9,8.2,40,18800,52,20800,1,"	771,772" 
2023-06-12T18:01:00Z,"SPXW  230622P04255000",2023-06-13T13:36:00Z,Sell,12.9,7,40,23600,52,3400,1,"	773,774" 
2023-06-13T18:01:00Z,"SPXW  230623P04310000",2023-06-15T13:51:00Z,Sell,13.5,8.5,39,19500,50.7,42315,1,"	775,776" 
2023-06-16T18:01:00Z,"SPXW  230626P04385000",2023-06-23T13:51:00Z,Sell,10.1,42.5,38,-123120,49.4,125210,0,"	777,778" 
2023-06-23T18:01:00Z,"SPXW  230703P04315000",2023-06-27T16:41:00Z,Sell,9.2,5.9,38,12540,49.4,25270,1,"	779,780" 
2023-06-27T18:01:00Z,"SPXW  230707P04325000",2023-06-29T16:26:00Z,Sell,11.2,7.3,38,14820,49.4,23750,1,"	781,782" 
2023-06-30T18:01:00Z,"SPXW  230710P04410000",2023-07-05T19:16:00Z,Sell,9.2,6.1,37,11470,48.1,16835,1,"	783,784" 
2023-07-07T18:01:00Z,"SPXW  230717P04380000",2023-07-12T13:36:00Z,Sell,10.6,1.9,37,32190,48.1,43031,1,"	785,786" 
2023-07-14T18:01:00Z,"SPXW  230724P04465000",2023-07-17T15:41:00Z,Sell,10,6.5,37,12950,48.1,11470,1,"	787,788" 
2023-07-17T18:01:00Z,"SPXW  230727P04465000",2023-07-18T17:11:00Z,Sell,12.6,8.3,37,15910,48.1,12025,1,"	789,790" 
2023-07-18T18:01:00Z,"SPXW  230728P04490000",2023-07-19T14:01:00Z,Sell,13.2,8.6,37,17020,48.1,5735,1,"	791,792" 
2023-07-21T18:01:00Z,"SPXW  230731P04500000",2023-07-25T15:46:00Z,Sell,11.6,7.5,37,15170,48.1,17575,1,"	793,794" 
2023-07-25T18:01:00Z,"SPXW  230804P04505000",2023-07-27T13:36:00Z,Sell,13.7,4.4,38,35340,49.4,23560,1,"	795,796" 
2023-07-28T18:01:00Z,"SPXW  230807P04525000",2023-07-31T13:41:00Z,Sell,11,7.2,37,14060,48.1,4440,1,"	797,798" 
2023-07-31T18:01:00Z,"SPXW  230810P04520000",2023-08-03T13:36:00Z,Sell,11.8,49.5,38,-143260,49.4,152570,0,"	799,800" 
2023-08-04T18:01:00Z,"SPXW  230814P04460000",2023-08-10T13:41:00Z,Sell,12.1,7.4,37,17390,48.1,74555,1,"	801,802" 
2023-08-11T18:01:00Z,"SPXW  230821P04390000",2023-08-14T14:36:00Z,Sell,13.8,8.8,38,19000,49.4,11210,1,"	803,804" 
2023-08-14T18:01:00Z,"SPXW  230824P04410000",2023-08-18T13:36:00Z,Sell,14.9,72.3,38,-218120,49.4,234650,0,"	805,806" 
2023-08-18T18:01:00Z,"SPXW  230828P04290000",2023-08-21T13:36:00Z,Sell,15.8,9.4,38,24320,49.4,10260,1,"	807,808" 
2023-08-21T18:01:00Z,"SPXW  230831P04305000",2023-08-23T13:36:00Z,Sell,16.2,10.7,38,20900,49.4,20520,1,"	809,810" 
2023-08-28T18:01:00Z,"SPXW  230907P04350000",2023-08-29T13:41:00Z,Sell,13.6,8.9,37,17390,48.1,6475,1,"	811,812" 
2023-08-29T18:01:00Z,"SPXW  230908P04425000",2023-08-30T13:56:00Z,Sell,13.6,7.9,36,20520,46.8,5400,1,"	813,814" 
2023-09-01T18:01:00Z,"SPXW  230911P04465000",2023-09-07T13:56:00Z,Sell,9.1,37.5,36,-102240,46.8,115380,0,"	815,816" 
2023-09-08T18:01:00Z,"SPXW  230918P04410000",2023-09-11T13:36:00Z,Sell,11.5,6.5,36,18000,46.8,15480,1,"	817,818" 
2023-09-11T18:01:00Z,"SPXW  230921P04420000",2023-09-14T13:36:00Z,Sell,12.8,8.2,36,16560,46.8,29700,1,"	819,820" 
2023-09-15T18:01:00Z,"SPXW  230925P04405000",2023-09-20T17:01:00Z,Sell,11.7,7.7,36,14400,46.8,50760,1,"	821,822" 
2023-09-22T18:01:00Z,"SPXW  231002P04255000",2023-09-28T16:21:00Z,Sell,15.2,9.9,38,20140,49.4,117040,1,"	823,824" 
2023-09-29T18:01:00Z,"SPXW  231009P04200000",2023-10-02T14:06:00Z,Sell,16.5,10.1,39,24960,50.7,19071,1,"	825,826" 
2023-10-02T18:01:00Z,"SPXW  231012P04180000",2023-10-06T15:11:00Z,Sell,17.4,11.2,40,24800,52,88000,1,"	827,828" 
2023-10-06T18:01:00Z,"SPXW  231016P04235000",2023-10-09T17:46:00Z,Sell,15.5,10.2,39,20670,50.7,33540,1,"	829,830" 
2023-10-09T18:01:00Z,"SPXW  231019P04250000",2023-10-10T14:16:00Z,Sell,17.6,11.4,39,24180,50.7,10725,1,"	831,832" 
2023-10-10T18:01:00Z,"SPXW  231020P04290000",2023-10-11T20:11:00Z,Sell,16.9,10.8,39,23790,50.7,35880,1,"	833,834" 
2023-10-13T18:01:00Z,"SPXW  231023P04240000",2023-10-16T13:36:00Z,Sell,17.8,7.6,40,40800,52,17800,1,"	835,836" 
2023-10-16T18:01:00Z,"SPXW  231026P04295000",2023-10-20T14:26:00Z,Sell,16.3,67.1,40,-203200,52,220800,0,"	837,838" 
2023-10-20T18:01:00Z,"SPXW  231030P04165000",2023-10-24T14:01:00Z,Sell,17.3,10.9,40,25600,52,64400,1,"	839,840" 
2023-10-24T18:01:00Z,"SPXW  231103P04135000",2023-10-31T18:01:00Z,Sell,19.8,13.1,41,27470,53.3,198235,1,"	841,842" 
2023-11-03T18:01:00Z,"SPXW  231113P04305000",2023-11-06T21:01:00Z,Sell,13.1,8.5,37,17020,48.1,15540,1,"	843,844" 
2023-11-07T19:01:00Z,"SPXW  231117P04315000",2023-11-10T17:11:00Z,Sell,14.3,9,38,20140,49.4,48640,1,"	845,846" 
2023-11-10T19:01:00Z,"SPXW  231120P04340000",2023-11-13T16:41:00Z,Sell,12.1,7.9,38,15960,49.4,14060,1,"	847,848" 
2023-11-14T19:01:00Z,"SPXW  231124P04435000",2023-11-15T15:21:00Z,Sell,12.1,7.6,37,16650,48.1,9990,1,"	849,850" 
2023-11-17T19:01:00Z,"SPXW  231127P04475000",2023-11-20T15:01:00Z,Sell,9.8,6.2,36,12960,46.8,9360,1,"	851,852" 
2023-11-20T19:01:00Z,"SPXW  231130P04495000",2023-11-22T14:36:00Z,Sell,10.9,5.6,36,19080,46.8,23400,1,"	853,854" 
2023-11-27T14:31:00Z,"SPXW  231204P04515000",2023-11-28T16:26:00Z,Sell,8.7,5.8,36,10440,46.8,13320,1,"	855,856" 
2023-11-28T19:01:00Z,"SPXW  231208P04495000",2023-11-29T14:36:00Z,Sell,11.5,6.5,36,18000,46.8,4320,1,"	857,858" 
2023-12-01T19:01:00Z,"SPXW  231211P04535000",2023-12-06T14:36:00Z,Sell,10.9,6.2,36,16920,46.8,46260,1,"	859,860" 
2023-12-08T19:01:00Z,"SPXW  231218P04540000",2023-12-11T15:51:00Z,Sell,11.3,7.5,36,13680,46.8,4680,1,"	861,862" 
2023-12-11T19:01:00Z,"SPXW  231221P04560000",2023-12-12T16:06:00Z,Sell,12,7.9,36,14760,46.8,7740,1,"	863,864" 
2023-12-12T19:01:00Z,"SPXW  231222P04585000",2023-12-13T19:06:00Z,Sell,11.1,5.8,36,19080,46.8,9900,1,"	865,866" 
2023-12-18T19:01:00Z,"SPXW  231228P04700000",2023-12-19T15:26:00Z,Sell,10.4,6.9,35,12250,45.5,8925,1,"	867,868" 
2023-12-19T19:01:00Z,"SPXW  231229P04715000",2023-12-26T14:41:00Z,Sell,10.4,6.8,35,12600,45.5,108850,1,"	869,870" 
2023-12-26T19:01:00Z,"SPXW  240105P04710000",2023-12-27T18:11:00Z,Sell,11.9,7.6,36,15480,46.8,5580,1,"	871,872" 
2023-12-29T19:01:00Z,"SPXW  240108P04720000",2024-01-08T14:31:00Z,Sell,9.7,23.5,35,-48300,45.5,105315,0,"	873,874" 
2024-01-08T19:01:00Z,"SPXW  240118P04680000",2024-01-08T20:56:00Z,Sell,12.6,8.2,36,15840,46.8,3960,1,"	875,876" 
2024-01-09T19:01:00Z,"SPXW  240119P04705000",2024-01-10T19:21:00Z,Sell,11.6,7.6,35,14000,45.5,9100,1,"	877,878" 
2024-01-12T19:01:00Z,"SPXW  240122P04740000",2024-01-18T20:11:00Z,Sell,10.5,6.5,35,14000,45.5,92785,1,"	879,880" 
2024-01-19T19:01:00Z,"SPXW  240129P04775000",2024-01-22T14:36:00Z,Sell,11.1,4.5,35,23100,45.5,8050,1,"	881,882" 
2024-01-22T19:01:00Z,"SPXW  240201P04790000",2024-01-23T20:56:00Z,Sell,13.8,8.9,35,17150,45.5,7875,1,"	883,884" 
2024-01-26T19:01:00Z,"SPXW  240205P04825000",2024-01-29T19:31:00Z,Sell,13.2,8.7,35,15750,45.5,6825,1,"	885,886" 
2024-01-30T19:01:00Z,"SPXW  240209P04855000",2024-02-02T15:26:00Z,Sell,13.8,8.8,35,17500,45.5,102025,1,"	887,888" 
2024-02-02T19:01:00Z,"SPXW  240212P04900000",2024-02-06T14:46:00Z,Sell,12.6,8,35,16100,45.5,43400,1,"	889,890" 
2024-02-06T19:01:00Z,"SPXW  240216P04885000",2024-02-07T14:36:00Z,Sell,13.6,8.4,35,18200,45.5,13125,1,"	891,892" 
2024-02-12T19:01:00Z,"SPXW  240222P04970000",2024-02-13T19:11:00Z,Sell,12.5,50.9,35,-134400,45.5,134925,0,"	893,894" 
2024-02-16T19:01:00Z,"SPXW  240226P04975000",2024-02-22T14:36:00Z,Sell,11.8,4.3,34,25500,44.2,110670,1,"	895,896" 
2024-02-23T19:01:00Z,"SPXW  240304P05040000",2024-02-29T14:36:00Z,Sell,12,4.4,33,25080,42.9,20625,1,"	897,898" 
2024-03-01T19:01:00Z,"SPXW  240311P05075000",2024-03-04T19:41:00Z,Sell,12,7.3,33,15510,42.9,3828,1,"	899,900" 
2024-03-05T19:01:00Z,"SPXW  240315P04995000",2024-03-06T14:36:00Z,Sell,16.3,9.7,35,23100,45.5,24500,1,"	901,902" 
2024-03-08T19:01:00Z,"SPXW  240318P05045000",2024-03-08T19:41:00Z,Sell,15.3,10.1,34,17680,44.2,2040,1,"	903,904" 
2024-03-11T18:01:00Z,"SPXW  240321P05030000",2024-03-12T14:01:00Z,Sell,18.1,11.2,35,24150,45.5,18725,1,"	905,906" 
2024-03-12T18:01:00Z,"SPXW  240322P05085000",2024-03-18T13:36:00Z,Sell,15.5,10.1,34,18360,44.2,69700,1,"	907,908" 
2024-03-18T18:01:00Z,"SPXW  240328P05080000",2024-03-19T19:56:00Z,Sell,16.6,10.4,34,21080,44.2,22270,1,"	909,910" 
2024-03-22T18:01:00Z,"SPXW  240401P05200000",2024-03-27T19:31:00Z,Sell,10.5,6.9,33,11880,42.9,31185,1,"	911,912" 
2024-04-01T18:01:00Z,"SPXW  240411P05165000",2024-04-04T13:36:00Z,Sell,14.6,8.8,34,19720,44.2,71570,1,"	913,914" 
2024-04-05T18:01:00Z,"SPXW  240415P05105000",2024-04-08T14:01:00Z,Sell,17.6,11.6,35,21000,45.5,14700,1,"	915,916" 
2024-04-08T18:01:00Z,"SPXW  240418P05125000",2024-04-15T18:16:00Z,Sell,17.1,70.9,35,-188300,45.5,213325,0,"	917,918" 
2024-04-16T18:01:00Z,"SPXW  240426P04950000",2024-04-22T17:26:00Z,Sell,22.1,14.4,35,26950,45.5,96565,1,"	919,920" 
2024-04-22T18:01:00Z,"SPXW  240502P04935000",2024-04-23T14:36:00Z,Sell,18.1,11.8,35,22050,45.5,25550,1,"	921,922" 
2024-04-23T18:01:00Z,"SPXW  240503P04985000",2024-04-25T20:11:00Z,Sell,19,12.5,35,22750,45.5,111650,1,"	923,924" 
2024-04-26T18:01:00Z,"SPXW  240506P05030000",2024-05-03T13:36:00Z,Sell,16.5,2.3,35,49700,45.5,126700,1,"	925,926" 
2024-05-03T18:01:00Z,"SPXW  240513P05065000",2024-05-06T13:36:00Z,Sell,14,6.9,34,24140,44.2,4590,1,"	927,928" 
2024-05-06T18:01:00Z,"SPXW  240516P05085000",2024-05-07T13:36:00Z,Sell,15.7,10.2,35,19250,45.5,3500,1,"	929,930" 
2024-05-07T18:01:00Z,"SPXW  240517P05110000",2024-05-09T14:41:00Z,Sell,16,9.9,34,20740,44.2,21488,1,"	931,932" 
2024-05-10T18:01:00Z,"SPXW  240520P05155000",2024-05-14T18:11:00Z,Sell,12.7,8.2,34,15300,44.2,17000,1,"	933,934" 
2024-05-20T18:01:00Z,"SPXW  240530P05255000",2024-05-21T19:36:00Z,Sell,13,8.3,33,15510,42.9,10395,1,"	935,936" 
2024-05-24T18:01:00Z,"SPXW  240603P05260000",2024-05-30T19:51:00Z,Sell,9.8,43,33,-109560,42.9,120780,0,"	937,938" 
2024-05-31T18:01:00Z,"SPXW  240610P05150000",2024-05-31T19:46:00Z,Sell,14,7.8,34,21080,44.2,5270,1,"	939,940" 
2024-06-03T18:01:00Z,"SPXW  240613P05175000",2024-06-04T18:26:00Z,Sell,18,11,34,23800,44.2,26010,1,"	941,942" 
2024-06-07T18:01:00Z,"SPXW  240617P05295000",2024-06-11T20:01:00Z,Sell,14.3,8.9,33,17820,42.9,38511,1,"	943,944" 
2024-06-14T18:01:00Z,"SPXW  240624P05370000",2024-06-17T15:06:00Z,Sell,11.4,7.4,32,12800,41.6,8128,1,"	945,946" 
2024-06-17T18:01:00Z,"SPXW  240627P05420000",2024-06-20T13:36:00Z,Sell,12.8,8.3,32,14400,41.6,9920,1,"	947,948" 
2024-06-21T18:01:00Z,"SPXW  240701P05400000",2024-06-24T14:01:00Z,Sell,12.2,8,32,13440,41.6,8064,1,"	949,950" 
2024-06-25T18:01:00Z,"SPXW  240705P05400000",2024-06-26T19:56:00Z,Sell,13.9,8.3,32,17920,41.6,14240,1,"	951,952" 
2024-06-28T18:01:00Z,"SPXW  240708P05430000",2024-07-02T14:36:00Z,Sell,11.3,7.4,32,12480,41.6,33920,1,"	953,954" 
2024-07-02T18:01:00Z,"SPXW  240712P05435000",2024-07-03T14:51:00Z,Sell,13.1,8.6,32,14400,41.6,6432,1,"	955,956" 
2024-07-05T18:01:00Z,"SPXW  240715P05505000",2024-07-08T17:41:00Z,Sell,11.5,7.6,32,12480,41.6,8640,1,"	957,958" 
2024-07-08T18:01:00Z,"SPXW  240718P05510000",2024-07-10T13:51:00Z,Sell,12.6,7.8,32,15360,41.6,7520,1,"	959,960" 
2024-07-12T18:01:00Z,"SPXW  240722P05600000",2024-07-16T18:46:00Z,Sell,11.3,7.5,31,11780,40.3,41540,1,"	961,962" 
2024-07-19T18:01:00Z,"SPXW  240729P05430000",2024-07-22T13:36:00Z,Sell,16,7.4,33,28380,42.9,17490,1,"	963,964" 
2024-07-22T18:01:00Z,"SPXW  240801P05475000",2024-07-24T19:31:00Z,Sell,17,71.2,34,-184280,44.2,203490,0,"	965,966" 
2024-07-26T18:01:00Z,"SPXW  240805P05365000",2024-07-29T16:16:00Z,Sell,20.9,13.8,33,23430,42.9,27720,1,"	967,968" 
2024-07-29T18:01:00Z,"SPXW  240808P05365000",2024-07-31T13:41:00Z,Sell,20.8,13.3,34,25500,44.2,96220,1,"	969,970" 
2024-08-02T18:01:00Z,"SPXW  240812P05200000",2024-08-02T20:01:00Z,Sell,36,23.4,35,44100,45.5,22575,1,"	971,972" 
2024-08-06T18:01:00Z,"SPXW  240816P05140000",2024-08-07T14:01:00Z,Sell,32,20.8,37,41440,48.1,99530,1,"	973,974" 
2024-08-09T18:01:00Z,"SPXW  240819P05220000",2024-08-12T14:26:00Z,Sell,24.8,16,36,31680,46.8,26280,1,"	975,976" 
2024-08-12T18:01:00Z,"SPXW  240822P05200000",2024-08-13T13:36:00Z,Sell,27.1,16,37,41070,48.1,15170,1,"	977,978" 
2024-08-13T18:01:00Z,"SPXW  240823P05295000",2024-08-14T14:31:00Z,Sell,24.8,16.5,36,29880,46.8,10260,1,"	979,980" 
2024-08-16T18:01:00Z,"SPXW  240826P05485000",2024-08-19T14:51:00Z,Sell,15.2,9.9,33,17490,42.9,10065,1,"	981,982" 
2024-08-19T18:01:00Z,"SPXW  240829P05500000",2024-08-22T13:36:00Z,Sell,17,9.2,34,26520,44.2,27540,1,"	983,984" 
2024-08-26T18:01:00Z,"SPXW  240905P05520000",2024-08-27T15:01:00Z,Sell,17.9,11.4,34,22100,44.2,27370,1,"	985,986" 
2024-08-27T18:01:00Z,"SPXW  240906P05545000",2024-08-29T16:36:00Z,Sell,18.5,12.1,34,21760,44.2,95030,1,"	987,988" 
2024-08-30T18:01:00Z,"SPXW  240909P05525000",2024-08-30T19:31:00Z,Sell,14.9,9.5,34,18360,44.2,4250,1,"	989,990" 
2024-09-03T18:01:00Z,"SPXW  240913P05440000",2024-09-11T17:11:00Z,Sell,22.7,14.4,35,29050,45.5,184450,1,"	991,992" 
2024-09-13T18:01:00Z,"SPXW  240923P05540000",2024-09-17T14:11:00Z,Sell,18.4,11.4,34,23800,44.2,22610,1,"	993,994" 
2024-09-17T18:01:00Z,"SPXW  240927P05520000",2024-09-18T18:36:00Z,Sell,22.1,13.5,35,30100,45.5,35070,1,"	995,996" 
2024-09-20T18:01:00Z,"SPXW  240930P05630000",2024-09-23T14:26:00Z,Sell,15.5,9.9,34,19040,44.2,19720,1,"	997,998" 
2024-09-23T18:01:00Z,"SPXW  241003P05635000",2024-09-25T13:36:00Z,Sell,16.7,10.5,34,21080,44.2,24650,1,"	999,1000" 
2024-09-27T18:01:00Z,"SPXW  241007P05665000",2024-10-04T13:36:00Z,Sell,17.4,9.2,34,27880,44.2,105230,1,"	1001,1002" 
2024-10-04T18:01:00Z,"SPXW  241014P05620000",2024-10-08T14:36:00Z,Sell,20.7,13.6,35,24850,45.5,52500,1,"	1003,1004" 
2024-10-08T18:01:00Z,"SPXW  241018P05625000",2024-10-09T15:01:00Z,Sell,23.2,15,35,28700,45.5,6020,1,"	1005,1006" 
2024-10-11T18:01:00Z,"SPXW  241021P05730000",2024-10-14T13:36:00Z,Sell,16.8,10.2,34,22440,44.2,11220,1,"	1007,1008" 
2024-10-14T18:01:00Z,"SPXW  241024P05770000",2024-10-17T13:36:00Z,Sell,17.5,11.1,34,21760,44.2,53890,1,"	1009,1010" 
2024-10-18T18:01:00Z,"SPXW  241028P05800000",2024-10-25T13:36:00Z,Sell,13.5,6,33,24750,42.9,141735,1,"	1011,1012" 
2024-10-25T18:01:00Z,"SPXW  241104P05710000",2024-10-28T13:36:00Z,Sell,20.1,10.4,35,33950,45.5,19425,1,"	1013,1014" 
2024-10-28T18:01:00Z,"SPXW  241107P05695000",2024-11-06T14:31:00Z,Sell,27.4,1.85,37,94535,48.1,162800,1,"	1015,1016" 
2024-11-08T19:01:00Z,"SPXW  241118P05935000",2024-11-13T14:46:00Z,Sell,14.9,9.5,34,18360,44.2,39610,1,"	1017,1018" 
2024-11-15T19:01:00Z,"SPXW  241125P05760000",2024-11-18T14:41:00Z,Sell,19.9,12.6,36,26280,46.8,10080,1,"	1019,1020" 
2024-11-19T19:01:00Z,"SPXW  241129P05835000",2024-11-21T18:36:00Z,Sell,18,11.8,35,21700,45.5,85575,1,"	1021,1022" 
2024-11-22T19:01:00Z,"SPXW  241202P05895000",2024-11-25T14:36:00Z,Sell,14,5.5,34,28900,44.2,12240,1,"	1023,1024" 
2024-11-25T19:01:00Z,"SPXW  241205P05910000",2024-11-26T15:46:00Z,Sell,15.1,9.8,34,18020,44.2,7820,1,"	1025,1026" 
2024-11-26T19:01:00Z,"SPXW  241206P05940000",2024-11-29T15:01:00Z,Sell,15.3,9.7,34,19040,44.2,28900,1,"	1027,1028" 
2024-12-02T17:11:00Z,"SPXW  241209P05970000",2024-12-02T17:15:00Z,Buy,8.6,8.39946875,34,-681.81,44.2,1021.81,0,"	1030,1031" 
2024-12-02T19:01:00Z,"SPXW  241212P05975000",2024-12-04T14:36:00Z,Sell,15.7,9.6,34,20740,44.2,14450,1,"	1032,1033" 
2024-12-06T19:01:00Z,"SPXW  241216P06035000",2024-12-11T15:11:00Z,Sell,11.9,7.8,34,13940,44.2,55760,1,"	1034,1035" 
2024-12-13T19:01:00Z,"SPXW  241223P05985000",2024-12-16T14:41:00Z,Sell,14.2,9.3,34,16660,44.2,7480,1,"	1036,1037" 
2024-12-16T19:01:00Z,"SPXW  241226P06015000",2024-12-18T19:56:00Z,Sell,13.6,57.1,34,-147900,44.2,153680,0,"	1038,1039" 
2024-12-20T19:01:00Z,"SPXW  241230P05835000",2024-12-23T16:56:00Z,Sell,21.9,13.8,36,29160,46.8,50400,1,"	1040,1041" 
2024-12-23T19:01:00Z,"SPXW  250102P05860000",2024-12-24T14:41:00Z,Sell,20.5,13.4,35,24850,45.5,17850,1,"	1042,1043" 
2024-12-26T14:31:00Z,"SPXW  250103P05970000",2024-12-27T17:21:00Z,Sell,16.3,59.9,34,-148240,44.2,170170,0,"	1044,1045" 
2024-12-27T19:01:00Z,"SPXW  250106P05880000",2025-01-03T16:06:00Z,Sell,17,10.6,34,21760,44.2,174930,1,"	1046,1047" 
2025-01-03T19:01:00Z,"SPXW  250113P05850000",2025-01-06T14:36:00Z,Sell,18.1,7.6,34,35700,44.2,7140,1,"	1048,1049" 
2025-01-06T19:01:00Z,"SPXW  250116P05880000",2025-01-10T15:06:00Z,Sell,19.7,85.4,35,-229950,45.5,246050,0,"	1050,1051" 
2025-01-13T19:01:00Z,"SPXW  250123P05705000",2025-01-14T14:41:00Z,Sell,23.9,14.9,35,31500,45.5,10500,1,"	1052,1053" 
2025-01-14T19:01:00Z,"SPXW  250124P05740000",2025-01-15T14:36:00Z,Sell,23.9,9.5,35,50400,45.5,47600,1,"	1054,1055" 
2025-01-17T19:01:00Z,"SPXW  250127P05920000",2025-01-21T14:36:00Z,Sell,17.7,9.8,33,26070,42.9,10230,1,"	1056,1057" 
2025-01-21T19:01:00Z,"SPXW  250131P05950000",2025-01-22T14:36:00Z,Sell,20.3,12.8,34,25500,44.2,6800,1,"	1058,1059" 
2025-01-24T19:01:00Z,"SPXW  250203P06015000",2025-01-30T14:51:00Z,Sell,16.9,11.2,33,18810,42.9,175890,1,"	1060,1061" 
2025-01-31T19:01:00Z,"SPXW  250210P05975000",2025-02-03T15:01:00Z,Sell,19.3,79.1,34,-203320,44.2,204510,0,"	1062,1063" 
2025-02-03T19:01:00Z,"SPXW  250213P05875000",2025-02-04T16:06:00Z,Sell,25.9,16.8,34,30940,44.2,19380,1,"	1064,1065" 
2025-02-04T19:01:00Z,"SPXW  250214P05910000",2025-02-05T17:11:00Z,Sell,23.9,15.5,33,27720,42.9,20955,1,"	1066,1067" 
2025-02-10T19:01:00Z,"SPXW  250220P05980000",2025-02-13T15:16:00Z,Sell,19.2,12.6,33,21780,42.9,64020,1,"	1068,1069" 
2025-02-14T19:01:00Z,"SPXW  250224P06050000",2025-02-18T21:01:00Z,Sell,14.9,7.6,32,23360,41.6,15360,1,"	1070,1071" 
2025-02-21T19:01:00Z,"SPXW  250303P05925000",2025-02-28T14:36:00Z,Sell,21,89.8,34,-233920,44.2,255510,0,"	1072,1073" 
2025-02-28T19:01:00Z,"SPXW  250310P05710000",2025-02-28T19:51:00Z,Sell,28.2,18.7,34,32300,44.2,7480,1,"	1074,1075" 
2025-03-03T19:01:00Z,"SPXW  250313P05755000",2025-03-07T16:56:00Z,Sell,30.1,124,35,-328650,45.5,351925,0,"	1076,1077" 
2025-03-07T19:01:00Z,"SPXW  250317P05600000",2025-03-14T17:11:00Z,Sell,31.6,20.6,34,37400,44.2,315010,1,"	1078,1079" 
2025-03-14T18:01:00Z,"SPXW  250324P05470000",2025-03-17T13:36:00Z,Sell,28.1,17.1,34,37400,44.2,14110,1,"	1080,1081" 
2025-03-17T18:01:00Z,"SPXW  250327P05535000",2025-03-19T19:01:00Z,Sell,28.1,18.1,34,34000,44.2,99790,1,"	1082,1083" 
2025-03-21T18:01:00Z,"SPXW  250331P05530000",2025-03-24T13:36:00Z,Sell,24.7,8.9,34,53720,44.2,13770,1,"	1084,1085" 
2025-03-24T18:01:00Z,"SPXW  250403P05625000",2025-03-25T17:11:00Z,Sell,25.6,16.8,34,29920,44.2,11560,1,"	1086,1087" 
2025-03-25T18:01:00Z,"SPXW  250404P05640000",2025-03-28T17:31:00Z,Sell,25.9,107.1,34,-276080,44.2,295630,0,"	1088,1089" 
2025-03-28T18:01:00Z,"SPXW  250407P05450000",2025-04-01T14:56:00Z,Sell,30.7,19.5,33,36960,42.9,102960,1,"	1090,1091" 
2025-04-01T18:01:00Z,"SPXW  250411P05450000",2025-04-02T16:51:00Z,Sell,33.4,20.5,34,43860,44.2,58650,1,"	1092,1093" 
2025-04-07T18:01:00Z,"SPXW  250417P04810000",2025-04-08T13:36:00Z,Sell,84.2,44.5,44,174680,57.2,133100,1,"	1094,1095" 
2025-04-11T18:01:00Z,"SPXW  250421P05075000",2025-04-14T13:36:00Z,Sell,60,19.7,44,177320,57.2,25740,1,"	1096,1097" 
2025-04-14T18:01:00Z,"SPXW  250424P05185000",2025-04-15T13:41:00Z,Sell,45.3,29.2,42,67620,54.6,42000,1,"	1098,1099" 
2025-04-15T18:01:00Z,"SPXW  250425P05210000",2025-04-23T13:36:00Z,Sell,38.6,6.8,41,130380,53.3,447105,1,"	1100,1101" 
2025-04-25T18:01:00Z,"SPXW  250505P05335000",2025-04-28T13:36:00Z,Sell,32.2,20.2,40,48000,52,16800,1,"	1102,1103" 
2025-04-28T18:01:00Z,"SPXW  250508P05320000",2025-04-29T15:01:00Z,Sell,35.2,23.1,41,49610,53.3,26035,1,"	1104,1105" 
2025-04-29T18:01:00Z,"SPXW  250509P05405000",2025-05-01T13:51:00Z,Sell,33.2,21.2,40,48000,52,196400,1,"	1106,1107" 
2025-05-02T18:01:00Z,"SPXW  250512P05560000",2025-05-08T13:36:00Z,Sell,26.9,17.8,38,34580,49.4,137142,1,"	1108,1109" 
2025-05-09T18:01:00Z,"SPXW  250519P05535000",2025-05-12T13:36:00Z,Sell,27.3,4.3,38,87400,49.4,14820,1,"	1110,1111" 
2025-05-12T18:01:00Z,"SPXW  250522P05705000",2025-05-13T13:36:00Z,Sell,23.3,15,37,30710,48.1,9990,1,"	1112,1113" 
2025-05-13T18:01:00Z,"SPXW  250523P05780000",2025-05-15T17:01:00Z,Sell,23.2,15.4,37,28860,48.1,27195,1,"	1114,1115" 
2025-05-19T18:01:00Z,"SPXW  250529P05840000",2025-05-23T13:51:00Z,Sell,23.1,96.6,37,-271950,48.1,307026,0,"	1116,1117" 
2025-05-23T18:01:00Z,"SPXW  250602P05695000",2025-05-27T13:36:00Z,Sell,25.2,11.4,36,49680,46.8,35820,1,"	1118,1119" 
2025-05-27T18:01:00Z,"SPXW  250606P05795000",2025-05-30T19:31:00Z,Sell,25.1,16.4,36,31320,46.8,74160,1,"	1120,1121" 
2025-06-02T18:01:00Z,"SPXW  250612P05785000",2025-06-03T14:21:00Z,Sell,25.2,16.5,36,31320,46.8,6300,1,"	1122,1123" 
2025-06-03T18:01:00Z,"SPXW  250613P05855000",2025-06-05T15:01:00Z,Sell,24,15.6,35,29400,45.5,32900,1,"	1124,1125" 
2025-06-06T18:01:00Z,"SPXW  250616P05910000",2025-06-09T16:56:00Z,Sell,18.2,11.9,34,21420,44.2,10200,1,"	1126,1127" 
2025-06-10T18:01:00Z,"SPXW  250620P05920000",2025-06-11T14:21:00Z,Sell,21.3,13.8,35,26250,45.5,12565,1,"	1128,1129" 
2025-06-13T18:01:00Z,"SPXW  250623P05885000",2025-06-16T13:36:00Z,Sell,24.5,13.5,36,39600,46.8,53460,1,"	1130,1131" 
2025-06-16T18:01:00Z,"SPXW  250626P05910000",2025-06-23T13:51:00Z,Sell,23.8,14.9,36,32040,46.8,83520,1,"	1132,1133" 
2025-06-23T18:01:00Z,"SPXW  250703P05885000",2025-06-24T13:36:00Z,Sell,26.1,11.9,36,51120,46.8,8640,1,"	1134,1135" 
2025-06-27T18:01:00Z,"SPXW  250707P06080000",2025-06-30T13:36:00Z,Sell,17.5,10,34,25500,44.2,31620,1,"	1136,1137" 
2025-06-30T18:01:00Z,"SPXW  250710P06085000",2025-07-01T17:56:00Z,Sell,19.9,12.9,35,24500,45.5,20090,1,"	1138,1139" 
2025-07-01T18:01:00Z,"SPXW  250711P06115000",2025-07-03T13:36:00Z,Sell,19.8,9,35,37800,45.5,19425,1,"	1140,1141" 
2025-07-07T18:01:00Z,"SPXW  250717P06105000",2025-07-08T13:51:00Z,Sell,22.9,14.8,36,29160,46.8,24300,1,"	1142,1143" 
2025-07-08T18:01:00Z,"SPXW  250718P06135000",2025-07-09T13:36:00Z,Sell,20.3,13.1,35,25200,45.5,8050,1,"	1144,1145" 
2025-07-11T18:01:00Z,"SPXW  250721P06185000",2025-07-15T13:36:00Z,Sell,17.2,8.3,34,30260,44.2,21250,1,"	1146,1147" 
2025-07-15T18:01:00Z,"SPXW  250725P06170000",2025-07-17T15:06:00Z,Sell,19.5,12.5,35,24500,45.5,90650,1,"	1148,1149" 
2025-07-18T18:01:00Z,"SPXW  250728P06210000",2025-07-21T13:36:00Z,Sell,16.1,9.4,35,23450,45.5,4025,1,"	1150,1151" 
2025-07-21T18:01:00Z,"SPXW  250731P06235000",2025-07-23T17:36:00Z,Sell,20.3,13.1,35,25200,45.5,52500,1,"	1152,1153" 
2025-07-25T18:01:00Z,"SPXW  250804P06300000",2025-07-29T13:36:00Z,Sell,18.1,9.9,35,28700,45.5,16100,1,"	1154,1155" 
2025-07-29T18:01:00Z,"SPXW  250808P06280000",2025-07-31T13:36:00Z,Sell,20.3,11.4,35,31150,45.5,58625,1,"	1156,1157" 
2025-08-01T18:01:00Z,"SPXW  250811P06090000",2025-08-04T13:36:00Z,Sell,28.7,8.2,37,75850,48.1,20350,1,"	1158,1159" 
2025-08-04T18:01:00Z,"SPXW  250814P06200000",2025-08-06T15:21:00Z,Sell,24.4,15.9,37,31450,48.1,53798,1,"	1160,1161" 
2025-08-08T18:01:00Z,"SPXW  250818P06300000",2025-08-12T13:36:00Z,Sell,17.8,8.6,36,33120,46.8,36900,1,"	1162,1163" 
2025-08-12T18:01:00Z,"SPXW  250822P06345000",2025-08-13T13:51:00Z,Sell,18.6,11.9,36,24120,46.8,4320,1,"	1164,1165" 
2025-08-15T18:01:00Z,"SPXW  250825P06385000",2025-08-22T14:11:00Z,Sell,17,7.1,35,34650,45.5,165025,1,"	1166,1167" 
2025-08-25T18:01:00Z,"SPXW  250904P06380000",2025-08-28T13:36:00Z,Sell,16.9,6.4,35,36750,45.5,32725,1,"	1168,1169" 
2025-08-29T18:01:00Z,"SPXW  250908P06375000",2025-09-04T13:31:00Z,Sell,18.4,9.9,36,30600,46.8,145800,1,"	1170,1171" 
2025-09-05T18:01:00Z,"SPXW  250915P06370000",2025-09-08T13:36:00Z,Sell,19.2,9.1,36,36360,46.8,7020,1,"	1172,1173" 
2025-09-08T18:01:00Z,"SPXW  250918P06385000",2025-09-10T13:36:00Z,Sell,20.7,9.5,36,40320,46.8,20340,1,"	1174,1175" 
2025-09-12T18:01:00Z,"SPXW  250922P06510000",2025-09-17T18:06:00Z,Sell,17.3,11,35,22050,45.5,24675,1,"	1176,1177" 
2025-09-19T18:01:00Z,"SPXW  250929P06570000",2025-09-22T14:41:00Z,Sell,16.8,10.8,35,21000,45.5,2975,1,"	1178,1179" 
2025-09-22T18:01:00Z,"SPXW  251002P06595000",2025-09-29T13:36:00Z,Sell,19.8,9.2,35,37100,45.5,139125,1,"	1180,1181" 
2025-09-29T18:01:00Z,"SPXW  251009P06560000",2025-10-01T15:36:00Z,Sell,19.9,13,36,24840,46.8,18540,1,"	1182,1183" 
2025-10-03T18:01:00Z,"SPXW  251013P06620000",2025-10-06T13:36:00Z,Sell,18.9,12,36,24840,46.8,12780,1,"	1184,1185" 
2025-10-06T18:01:00Z,"SPXW  251016P06650000",2025-10-09T13:36:00Z,Sell,20.8,12.8,36,28800,46.8,63180,1,"	1186,1187" 
2025-10-10T18:01:00Z,"SPXW  251020P06490000",2025-10-13T13:51:00Z,Sell,34.9,22.8,37,44770,48.1,94720,1,"	1188,1189" 
2025-10-13T18:01:00Z,"SPXW  251023P06520000",2025-10-15T13:56:00Z,Sell,27.4,18,38,35720,49.4,159790,1,"	1190,1191" 
2025-10-17T18:01:00Z,"SPXW  251027P06490000",2025-10-20T13:36:00Z,Sell,31.8,11.8,39,78000,50.7,7410,1,"	1192,1193" 
2025-10-20T18:01:00Z,"SPXW  251030P06605000",2025-10-23T17:06:00Z,Sell,26.8,17.8,38,34200,49.4,123310,1,"	1194,1195" 
2025-10-24T18:01:00Z,"SPXW  251103P06690000",2025-10-27T13:36:00Z,Sell,22.5,11.2,37,41810,48.1,8510,1,"	1196,1197" 
2025-10-27T18:01:00Z,"SPXW  251106P06750000",2025-10-30T17:51:00Z,Sell,22.1,14.4,37,28490,48.1,43845,1,"	1198,1199" 
2025-10-31T18:01:00Z,"SPXW  251110P06715000",2025-10-31T19:36:00Z,Sell,23.7,15.2,37,31450,48.1,6105,1,"	1200,1201" 
2025-11-03T19:01:00Z,"SPXW  251113P06740000",2025-11-07T14:41:00Z,Sell,22.9,103.4,37,-297850,48.1,299885,0,"	1202,1203" 
2025-11-07T19:01:00Z,"SPXW  251117P06535000",2025-11-07T21:01:00Z,Sell,28.2,18.1,38,38380,49.4,14630,1,"	1204,1205" 
2025-11-10T19:01:00Z,"SPXW  251120P06690000",2025-11-11T18:51:00Z,Sell,25.8,16.7,37,33670,48.1,15725,1,"	1206,1207" 
2025-11-11T19:01:00Z,"SPXW  251121P06730000",2025-11-14T14:36:00Z,Sell,25,121.9,36,-348840,46.8,364680,0,"	1208,1209" 
2025-11-14T19:01:00Z,"SPXW  251124P06600000",2025-11-20T14:36:00Z,Sell,29.9,8.2,36,78120,46.8,235080,1,"	1210,1211" 
2025-11-21T19:01:00Z,"SPXW  251201P06480000",2025-11-24T14:36:00Z,Sell,29.8,18,37,43660,48.1,52355,1,"	1212,1213" 
2025-11-24T19:01:00Z,"SPXW  251204P06565000",2025-11-25T16:56:00Z,Sell,28.8,18.7,37,37370,48.1,59015,1,"	1214,1215" 
2025-11-25T19:01:00Z,"SPXW  251205P06630000",2025-11-26T14:36:00Z,Sell,24.8,15.5,36,33480,46.8,12780,1,"	1216,1217" 
2025-12-01T14:31:00Z,"SPXW  251208P06750000",2025-12-03T15:36:00Z,Sell,28,11.8,35,56700,45.5,44275,1,"	1218,1219" 
2025-12-05T19:01:00Z,"SPXW  251215P06775000",2025-12-10T19:56:00Z,Sell,20.6,10.7,35,34650,45.5,39200,1,"	1220,1221" 
2025-12-12T19:01:00Z,"SPXW  251222P06730000",2025-12-18T15:31:00Z,Sell,21.7,13.5,36,29520,46.8,130500,1,"	1222,1223" 
2025-12-19T19:01:00Z,"SPXW  251229P06750000",2025-12-22T14:36:00Z,Sell,16.4,7.2,35,32200,45.5,6300,1,"	1224,1225" 
2025-12-23T19:01:00Z,"SPXW  260102P06835000",2025-12-24T16:31:00Z,Sell,15.4,10.1,34,18020,44.2,5270,1,"	1226,1227" 
2025-12-26T19:01:00Z,"SPXW  260105P06865000",2026-01-05T14:31:00Z,Sell,13.4,6.3,34,24140,44.2,120496,1,"	1228,1229" 
2026-01-05T19:01:00Z,"SPXW  260115P06815000",2026-01-06T20:06:00Z,Sell,19.9,12.9,35,24500,45.5,18550,1,"	1230,1231" 
2026-01-12T19:01:00Z,"SPXW  260122P06890000",2026-01-15T17:06:00Z,Sell,18.7,12.1,35,23100,45.5,126350,1,"	1232,1233" 
2026-01-16T19:01:00Z,"SPXW  260126P06870000",2026-01-20T15:01:00Z,Sell,16.9,69.9,35,-185500,45.5,194075,0,"	1234,1235" 
2026-01-23T19:01:00Z,"SPXW  260202P06805000",2026-01-26T14:56:00Z,Sell,22.2,14.4,35,27300,45.5,21350,1,"	1236,1237" 
2026-01-26T19:01:00Z,"SPXW  260205P06845000",2026-01-28T14:46:00Z,Sell,24,15.8,35,28700,45.5,13475,1,"	1238,1239" 
2026-01-30T19:01:00Z,"SPXW  260209P06810000",2026-02-02T15:06:00Z,Sell,24.9,15.5,36,33840,46.8,34740,1,"	1240,1241" 
2026-02-02T19:01:00Z,"SPXW  260212P06870000",2026-02-05T14:36:00Z,Sell,23.2,97.2,35,-259000,45.5,289975,0,"	1242,1243" 
